client_id,client_type,first_name,last_name,date_of_birth,gender,country,region,acquisition_purpose,satisfaction_score,loan_applied,referral_channel,age,num_properties,avg_sale_price,total_sale_price,avg_floor_area,num_sold,num_available,num_apartment,num_office
C0001,Individual,Kareem,Liu,1968-11-05,F,USA,California,Home,4,Yes,Website,57.772602739726025,4,311691.18,1246764.72,983.885,4,0,4,0
C0002,Individual,Trystan,Oconnor,,M,USA,California,Home,1,No,Website,56.1013698630137,5,368219.18600000005,1841095.9300000002,1187.942,5,0,5,0
C0003,Individual,Kale,Gay,1959-07-04,M,USA,California,Home,4,Yes,Agency,67.12054794520547,5,332291.518,1661457.5899999999,1058.1100000000001,5,0,5,0
C0004,Individual,Russell,Gross,,M,USA,California,Home,5,No,Website,56.1013698630137,6,268043.91833333333,1608263.51,937.1033333333334,6,0,6,0
C0005,Company,Marleez,Co,,M,USA,California,Investment,5,No,Website,56.1013698630137,13,281029.64461538463,3653385.38,927.2961538461539,13,0,13,0
C0006,Individual,Yurem,Wright,1957-06-03,M,USA,California,Home,3,Yes,Website,69.20547945205479,5,302826.212,1514131.06,989.5899999999999,5,0,5,0
C0007,Individual,Xavier,Faulkner,,M,Canada,Quebec,Investment,5,No,Website,56.1013698630137,11,295558.8936363636,3251147.83,995.6936363636363,11,0,11,0
C0008,Individual,Kayden,Olsen,,F,USA,California,Home,5,No,Website,56.1013698630137,5,295346.08200000005,1476730.4100000001,1031.106,5,0,4,1
C0009,Individual,Joaquin,Mullins,1975-05-10,M,USA,California,Investment,5,No,Agency,51.26027397260274,5,364166.47000000003,1820832.35,1305.644,5,0,4,1
C0010,Individual,Nicolas,Navarro,,M,USA,Oregon,Investment,3,No,Agency,56.1013698630137,5,346486.8,1732434.0,1140.206,5,0,4,1
C0011,Individual,Laci,Guerra,,F,USA,California,Home,2,Yes,Website,56.1013698630137,5,265042.304,1325211.52,935.914,5,0,4,1
C0012,Company,Kylax,Co,,M,USA,California,Investment,5,No,Website,56.1013698630137,4,399881.6,1599526.4,1317.445,4,0,4,0
C0013,Individual,Harley,Lucero,1962-10-08,M,USA,California,Home,1,Yes,Website,63.85479452054795,5,428550.178,2142750.89,1407.376,5,0,5,0
C0014,Company,Esther,Co,1980-10-07,M,USA,California,Home,3,Yes,Website,45.843835616438355,4,387035.01749999996,1548140.0699999998,1280.5425,4,0,4,0
C0015,Individual,Jaylynn,Hickman,,F,USA,California,Home,5,No,Client,56.1013698630137,5,317181.47400000005,1585907.37,1030.764,5,0,5,0
C0016,Individual,Olivia,Oconnell,1939-03-09,F,USA,California,Investment,5,No,Website,87.45479452054795,4,252554.4325,1010217.73,842.145,4,0,4,0
C0017,Individual,Antonio,Porter,1977-08-01,M,USA,Arizona,Home,3,No,Client,49.03013698630137,5,355738.75,1778693.75,1195.8139999999999,5,0,4,1
C0018,Individual,Luke,Lynn,1967-07-02,M,USA,California,Home,2,Yes,Agency,59.12054794520548,4,265369.6675,1061478.67,913.8325,4,0,4,0
C0019,Individual,Anahi,Curry,1957-09-09,M,USA,California,Home,5,Yes,Client,68.93698630136986,4,443368.565,1773474.26,1402.0425,4,0,2,2
C0020,Individual,Camille,Sharp,,F,USA,California,Home,5,No,Website,56.1013698630137,4,377008.0625,1508032.25,1307.08,4,0,4,0
C0021,Individual,Jesus,Obrien,1938-09-06,M,USA,Oregon,Investment,3,No,Website,87.95890410958904,6,321362.12,1928172.72,1028.86,6,0,6,0
C0022,Individual,Araceli,Nelson,,M,Germany,Berlin,Investment,5,No,Agency,56.1013698630137,4,343100.8,1372403.2,1247.4850000000001,4,0,4,0
C0023,Individual,Cole,Taylor,1958-06-12,M,USA,California,Home,3,Yes,Website,68.18082191780822,5,291574.338,1457871.69,948.3880000000001,5,0,5,0
C0024,Individual,Alonso,Terrell,1963-05-11,M,USA,California,Investment,4,No,Website,63.26575342465753,6,314026.15,1884156.9000000001,1053.735,6,0,6,0
C0025,Individual,Rodolfo,Gibson,,M,USA,Nevada,Home,2,Yes,Website,56.1013698630137,5,338889.766,1694448.83,1120.576,5,0,5,0
C0026,Individual,Joseph,Reeves,,M,USA,California,Investment,5,No,Website,56.1013698630137,10,293224.175,2932241.75,1002.383,10,0,9,1
C0027,Individual,Grant,Weber,1968-08-09,M,USA,California,Home,5,Yes,Website,58.013698630136986,5,303593.888,1517969.44,1070.234,5,0,3,2
C0028,Individual,Ava,Phelps,,F,USA,California,Home,3,No,Client,56.1013698630137,5,358216.558,1791082.79,1266.366,5,0,4,1
C0029,Individual,Kyla,Walker,,F,USA,Colorado,Home,4,Yes,Agency,56.1013698630137,4,311948.8275,1247795.31,993.05,4,0,3,1
C0030,Individual,Alanna,Hess,,F,USA,Nevada,Home,3,No,Website,56.1013698630137,4,386827.8225,1547311.29,1279.3725,4,0,4,0
C0031,Individual,Skylar,Buchanan,,M,USA,Nevada,Home,4,Yes,Website,56.1013698630137,5,215429.642,1077148.21,677.3399999999999,5,0,4,1
C0032,Individual,Rodrigo,Robinson,1966-11-08,M,USA,California,Home,4,No,Website,59.76712328767123,5,377799.032,1888995.1600000001,1282.528,5,0,4,1
C0033,Individual,Lydia,Tate,,F,USA,California,Home,3,Yes,Website,56.1013698630137,4,351249.6675,1404998.67,1250.4325,4,0,3,1
C0034,Individual,Lauryn,Patrick,,F,Belgium,Brussels,Home,2,No,Agency,56.1013698630137,5,326521.73199999996,1632608.66,1160.556,5,0,5,0
C0035,Individual,Diego,Mendez,1965-12-05,M,Mexico,Mexico City,Home,3,No,Agency,60.69315068493151,5,397575.27999999997,1987876.4,1445.752,5,0,5,0
C0036,Individual,Victor,Jensen,1973-01-09,M,USA,California,Home,4,No,Website,53.59178082191781,4,293420.8825,1173683.53,963.325,4,0,4,0
C0037,Individual,Scarlet,Hendricks,,F,USA,California,Home,5,Yes,Website,56.1013698630137,5,321445.75,1607228.75,1018.368,5,0,5,0
C0038,Individual,Janelle,Espinoza,,F,USA,California,Investment,4,No,Client,56.1013698630137,4,293782.3175,1175129.27,1105.1225,4,0,3,1
C0039,Individual,Aleksandra,Karenina,,F,Russia,Krasnodar Krai,Home,1,No,Agency,56.1013698630137,4,464631.885,1858527.54,1365.68,4,0,3,1
C0040,Individual,Conner,Huff,,M,USA,Nevada,Home,5,No,Website,56.1013698630137,6,309101.38166666665,1854608.29,1047.8,6,0,6,0
C0041,Individual,Zain,Horne,,M,USA,Arizona,Home,1,Yes,Website,56.1013698630137,5,274892.158,1374460.79,872.838,5,0,3,2
C0042,Individual,Maia,Chandler,1975-12-08,F,USA,Utah,Home,1,Yes,Website,50.679452054794524,4,275347.5625,1101390.25,913.8425,4,0,3,1
C0043,Individual,Jordyn,Park,1965-04-04,M,USA,Nevada,Investment,3,Yes,Website,61.364383561643834,4,281623.115,1126492.46,983.505,4,0,4,0
C0044,Individual,Diana,Hunt,,F,USA,Arizona,Home,3,No,Website,56.1013698630137,4,332623.315,1330493.26,1106.8675,4,0,4,0
C0045,Individual,Kevin,Mata,1968-12-10,M,USA,Colorado,Investment,2,No,Agency,57.676712328767124,5,292686.47199999995,1463432.3599999999,913.774,5,0,5,0
C0046,Individual,Brisa,Mckee,,F,USA,California,Home,5,No,Client,56.1013698630137,8,253314.675,2026517.4,857.8050000000001,8,0,8,0
C0047,Individual,Mason,Gilbert,,M,USA,Colorado,Home,2,No,Agency,56.1013698630137,5,287647.856,1438239.28,953.568,5,0,5,0
C0048,Individual,Derick,Li,,M,USA,California,Home,3,Yes,Agency,56.1013698630137,4,334679.5,1338718.0,1026.3200000000002,4,0,4,0
C0049,Individual,Jace,Riggs,,F,USA,California,Home,1,No,Website,56.1013698630137,4,347522.8,1390091.2,1204.3675,4,0,4,0
C0050,Individual,Jair,Johns,1940-05-03,M,USA,California,Home,5,No,Website,86.3013698630137,9,304939.15,2744452.35,993.5088888888889,9,0,8,1
C0051,Individual,Matilda,Madden,1941-03-03,F,USA,Colorado,Home,3,No,Agency,85.46849315068494,4,317610.105,1270440.42,1039.56,4,0,4,0
C0052,Individual,Myla,Ewing,1967-03-02,F,USA,Oregon,Investment,2,No,Client,59.45479452054794,4,368552.8825,1474211.53,1187.925,4,0,4,0
C0053,Individual,Miguel,Walter,1954-07-01,M,USA,Arizona,Home,4,No,Agency,72.13150684931507,4,280134.86,1120539.44,929.245,4,0,4,0
C0054,Company,Bridger CAL,Co,,M,USA,Nevada,Investment,5,No,Website,56.1013698630137,6,351546.26666666666,2109277.6,1115.6333333333334,6,0,2,4
C0055,Individual,Mara,Franco,1973-07-06,F,USA,California,Home,5,Yes,Agency,53.104109589041094,4,294744.8025,1178979.21,989.8299999999999,4,0,4,0
C0056,Individual,Erik,Mora,1964-07-12,M,USA,Oregon,Investment,5,No,Agency,62.09315068493151,4,394825.33999999997,1579301.3599999999,1355.5975,4,0,3,1
C0057,Individual,Henry,Kennedy,1933-08-06,M,USA,California,Home,4,Yes,Agency,93.04657534246576,5,404103.904,2020519.52,1344.1439999999998,5,0,4,1
C0058,Company,Kenyon,Co,1969-03-05,F,USA,California,Investment,1,Yes,Website,57.443835616438356,5,288281.234,1441406.17,919.8399999999999,5,0,3,2
C0059,Individual,Oswaldo,Palmer,,M,USA,California,Home,2,No,Website,56.1013698630137,4,319713.5625,1278854.25,1102.44,4,0,3,1
C0060,Individual,Kassidy,Vega,1972-07-05,F,USA,California,Home,5,No,Website,54.106849315068494,4,338915.5625,1355662.25,1119.4675,4,0,4,0
C0061,Individual,Morgan,Glass,1967-12-05,M,USA,Utah,Home,5,No,Agency,58.69315068493151,4,326726.895,1306907.58,1101.62,4,0,4,0
C0062,Individual,Tyler,Carr,,M,USA,California,Home,5,Yes,Client,56.1013698630137,5,297866.698,1489333.49,1059.8319999999999,5,0,5,0
C0063,Individual,Yesenia,Marquez,,F,USA,Arizona,Home,4,No,Website,56.1013698630137,5,325096.176,1625480.88,1112.538,5,0,5,0
C0064,Individual,Gordon,Brown,1974-10-02,M,UK,Northern Ireland,Investment,4,No,Agency,51.863013698630134,4,362220.32,1448881.28,1095.85,4,0,4,0
C0065,Individual,Rodrigo,Ramirez,,M,USA,California,Home,1,No,Agency,56.1013698630137,4,389281.4325,1557125.73,1261.5275,4,0,3,1
C0066,Individual,Melanie,Holland,,F,USA,California,Investment,3,No,Client,56.1013698630137,4,276791.0425,1107164.17,932.7550000000001,4,0,3,1
C0067,Individual,Enrique,Cardenas,1977-10-06,M,USA,California,Home,2,No,Website,48.84931506849315,5,286388.368,1431941.84,851.818,5,0,4,1
C0068,Individual,Helen,Williamson,,F,USA,Colorado,Home,5,Yes,Agency,56.1013698630137,4,393194.8325,1572779.33,1450.2925,4,0,3,1
C0069,Individual,Isis,Rios,1970-01-04,M,USA,California,Investment,4,No,Website,56.608219178082194,5,287828.494,1439142.47,957.588,5,0,5,0
C0070,Individual,Kayley,Nielsen,,F,USA,Arizona,Home,4,Yes,Website,56.1013698630137,5,304314.124,1521570.62,1039.274,5,0,4,1
C0071,Individual,Donavan,Flowers,,M,USA,California,Home,1,Yes,Client,56.1013698630137,5,230076.81800000003,1150384.09,833.3799999999999,5,0,5,0
C0072,Individual,Augustus,Hinton,1953-03-02,M,USA,Nevada,Investment,2,No,Website,73.46301369863014,6,374414.76333333337,2246488.58,1129.4916666666666,6,0,5,1
C0073,Individual,Alejandra,Greer,1965-11-01,F,Denmark,Capital Region,Investment,1,No,Agency,60.78630136986301,4,353475.5825,1413902.33,1194.0325,4,0,4,0
C0074,Individual,Violet,Nixon,1959-01-01,F,USA,Oregon,Investment,5,No,Client,67.62465753424658,5,341891.73,1709458.65,1138.044,5,0,3,2
C0075,Individual,Jaelyn,Berger,1970-05-05,F,USA,California,Home,3,No,Website,56.276712328767125,4,317348.935,1269395.74,1048.3425,4,0,3,1
C0076,Individual,Tristian,Fuller,,M,USA,California,Home,5,No,Agency,56.1013698630137,6,317642.01499999996,1905852.0899999999,1067.28,6,0,6,0
C0077,Individual,Christian,Costa,,M,USA,California,Home,5,No,Website,56.1013698630137,5,376002.436,1880012.18,1191.826,5,0,3,2
C0078,Individual,Nora,Lynch,,F,USA,California,Home,5,No,Website,56.1013698630137,4,421470.59750000003,1685882.3900000001,1415.63,4,0,4,0
C0079,Individual,Dangelo,Shea,,M,Belgium,Brussels,Investment,4,No,Website,56.1013698630137,4,364109.075,1456436.3,1219.0675,4,0,2,2
C0080,Individual,Aiyana,Christensen,,F,USA,California,Investment,3,No,Website,56.1013698630137,5,285506.31200000003,1427531.56,965.024,5,0,5,0
C0081,Individual,Sidney,Cline,,F,USA,California,Home,4,Yes,Website,56.1013698630137,4,380536.065,1522144.26,1252.745,4,0,3,1
C0082,Individual,Kaitlin,Owen,,F,USA,Virginia,Investment,5,No,Client,56.1013698630137,5,256453.59,1282267.95,884.2239999999999,5,0,5,0
C0083,Individual,Issac,Edwards,,M,USA,California,Home,5,No,Website,56.1013698630137,6,252273.57666666666,1513641.46,851.395,6,0,6,0
C0084,Individual,Zaiden,Merritt,,M,USA,Wyoming,Home,3,No,Agency,56.1013698630137,5,352446.38399999996,1762231.92,1083.6119999999999,5,0,3,2
C0085,Individual,Iris,Larsen,,M,USA,California,Home,4,Yes,Agency,56.1013698630137,4,296376.365,1185505.46,986.395,4,0,4,0
C0086,Individual,Grace,Stein,,F,USA,California,Home,3,Yes,Website,56.1013698630137,5,385637.72199999995,1928188.6099999999,1354.634,5,0,5,0
C0087,Individual,Alessandra,Perry,,F,USA,California,Home,4,No,Agency,56.1013698630137,4,420288.32,1681153.28,1287.6625,4,0,3,1
C0088,Individual,Jamal,Mueller,,M,USA,Oregon,Investment,2,No,Website,56.1013698630137,6,241753.2616666667,1450519.57,786.9733333333334,6,0,5,1
C0089,Individual,Irvin,Ellis,,M,USA,California,Home,3,No,Agency,56.1013698630137,4,260463.4525,1041853.81,854.79,4,0,4,0
C0090,Individual,Terry,Forbes,,M,USA,California,Home,5,No,Client,56.1013698630137,5,196170.08399999997,980850.4199999999,703.798,5,0,5,0
C0091,Individual,Jacqueline,Grant,,F,USA,California,Home,4,No,Website,56.1013698630137,4,339161.185,1356644.74,1161.6775,4,0,4,0
C0092,Individual,Brock,Fischer,,M,USA,Kansas,Home,3,No,Website,56.1013698630137,8,352240.87,2817926.96,1218.0425,8,0,7,1
C0093,Individual,Curtis,Howard,1962-11-09,M,USA,California,Home,2,No,Agency,63.76712328767123,5,346511.676,1732558.38,1196.466,5,0,5,0
C0094,Individual,Avah,Huang,,F,USA,California,Home,5,No,Website,56.1013698630137,5,212535.16400000002,1062675.82,692.664,5,0,4,1
C0095,Individual,Frank,Meyer,,M,USA,California,Home,3,Yes,Agency,56.1013698630137,6,278162.17,1668973.02,923.105,6,0,4,2
C0096,Individual,Darien,Dorsey,,M,USA,California,Investment,3,Yes,Website,56.1013698630137,4,340753.2925,1363013.17,1113.615,4,0,4,0
C0097,Individual,Franklin,Mack,,M,USA,Virginia,Home,5,Yes,Website,56.1013698630137,7,312843.72000000003,2189906.04,1061.722857142857,7,0,5,2
C0098,Individual,Elena,Petrova,,F,Russia,Saint Petersburg,Home,3,Yes,Agency,56.1013698630137,4,282898.1625,1131592.65,981.955,4,0,4,0
C0099,Individual,Jack,Hanson,1941-01-12,M,USA,California,Investment,4,No,Website,85.6054794520548,6,333384.76333333337,2000308.58,1201.5883333333334,6,0,5,1
C0100,Individual,Emmett,Estes,1969-05-06,M,USA,California,Home,3,No,Website,57.273972602739725,4,362386.1625,1449544.65,1174.44,4,0,4,0
C0101,Individual,Aniya,Miller,1951-02-03,F,USA,Nevada,Home,3,No,Website,75.53972602739726,4,281253.45,1125013.8,874.345,4,0,3,1
C0102,Individual,Jack,Anderson,,M,USA,California,Investment,5,Yes,Website,56.1013698630137,9,378140.4277777778,3403263.85,1222.908888888889,9,0,8,1
C0103,Individual,Kael,Hurley,,M,USA,Colorado,Home,3,No,Website,56.1013698630137,5,296767.754,1483838.77,964.9799999999999,5,0,5,0
C0104,Individual,Kamden,Stewart,,M,USA,California,Home,5,No,Website,56.1013698630137,5,335431.002,1677155.01,1090.3,5,0,4,1
C0105,Individual,Aniyah,Ali,1959-03-11,F,USA,California,Investment,2,Yes,Website,67.43561643835616,5,265616.87200000003,1328084.36,850.948,5,0,3,2
C0106,Individual,Simon,Bennett,1953-09-06,M,USA,Colorado,Home,4,No,Website,72.94794520547946,4,239419.8175,957679.27,820.9825000000001,4,0,4,0
C0107,Individual,Laurel,Benitez,1959-06-08,M,USA,California,Home,4,Yes,Agency,67.1917808219178,5,343011.646,1715058.23,1102.66,5,0,4,1
C0108,Individual,Trey,Strong,,M,USA,California,Home,4,No,Agency,56.1013698630137,6,333133.12,1998798.72,1104.1699999999998,6,0,5,1
C0109,Individual,Myah,Roman,1933-05-05,F,USA,California,Investment,5,Yes,Agency,93.3013698630137,5,399110.218,1995551.0899999999,1285.854,5,0,3,2
C0110,Individual,Nyla,Blake,1959-05-06,F,USA,California,Investment,5,Yes,Agency,67.28219178082192,5,241111.092,1205555.46,811.4019999999999,5,0,5,0
C0111,Individual,Kole,Shannon,,M,USA,Arizona,Home,2,Yes,Website,56.1013698630137,4,299605.305,1198421.22,896.7175,4,0,4,0
C0112,Individual,Melany,Glover,1960-01-10,F,USA,California,Investment,1,Yes,Agency,66.6,5,355028.44,1775142.2,1115.986,5,0,5,0
C0113,Individual,Arthur,Bray,,M,USA,Utah,Investment,4,No,Agency,56.1013698630137,4,353608.365,1414433.46,1186.715,4,0,4,0
C0114,Individual,Kamila,Collier,,F,USA,California,Home,1,Yes,Website,56.1013698630137,4,281001.0125,1124004.05,932.9449999999999,4,0,4,0
C0115,Individual,Amanda,Simon,1978-03-12,F,USA,California,Home,5,No,Agency,48.41917808219178,5,351470.918,1757354.59,1143.692,5,0,3,2
C0116,Individual,Erika,Steward,1955-07-08,F,USA,California,Investment,4,No,Website,71.11232876712329,8,310573.76,2484590.08,1039.8925,8,0,7,1
C0117,Individual,Jakobe,Bailey,1964-06-10,M,UK,Scotland,Investment,4,No,Agency,62.18082191780822,8,360569.53125,2884556.25,1135.78625,8,0,5,3
C0118,Individual,Sonia,Choi,1948-09-11,F,USA,Oregon,Investment,5,No,Agency,77.93698630136986,4,304594.2975,1218377.19,1009.1225,4,0,3,1
C0119,Individual,Erika,Gallagher,,F,USA,California,Home,1,Yes,Website,56.1013698630137,4,400760.98,1603043.92,1399.315,4,0,4,0
C0120,Individual,Madeline,Michael,,F,USA,California,Home,4,Yes,Website,56.1013698630137,5,350717.478,1753587.39,1243.96,5,0,5,0
C0121,Individual,Bennett,Chen,,M,USA,Nevada,Home,2,No,Website,56.1013698630137,5,233830.062,1169150.31,806.688,5,0,5,0
C0122,Individual,Belinda,Hogan,,F,USA,California,Home,1,Yes,Agency,56.1013698630137,4,353140.17,1412560.68,1085.975,4,0,4,0
C0123,Individual,Johanna,Fisher,,F,USA,California,Home,4,Yes,Website,56.1013698630137,5,364269.738,1821348.69,1230.6599999999999,5,0,5,0
C0124,Individual,Jaylen,Turner,,F,USA,California,Home,4,No,Agency,56.1013698630137,5,322797.016,1613985.08,1184.6299999999999,5,0,4,1
C0125,Individual,Michael,Juarez,,M,USA,Colorado,Home,4,Yes,Agency,56.1013698630137,4,335277.0625,1341108.25,1148.5475,4,0,3,1
C0126,Individual,Adriana,Shaffer,1972-11-07,F,USA,California,Investment,2,No,Agency,53.76438356164383,5,263985.892,1319929.46,850.052,5,0,4,1
C0127,Individual,Julio,Leonard,,M,USA,Nevada,Home,2,Yes,Website,56.1013698630137,4,241868.5575,967474.23,765.085,4,0,4,0
C0128,Company,Abdiel,Co,,M,USA,Nevada,Investment,5,Yes,Website,56.1013698630137,5,327878.59,1639392.9500000002,1054.034,5,0,4,1
C0129,Individual,Warren,Pugh,,M,USA,Arizona,Investment,5,No,Website,56.1013698630137,4,437093.1875,1748372.75,1296.9850000000001,4,0,3,1
C0130,Individual,Luis,Crane,,M,USA,Nevada,Home,3,Yes,Website,56.1013698630137,4,372010.72,1488042.88,1215.035,4,0,4,0
C0131,Individual,Mohammad,Irwin,1971-02-12,M,USA,California,Home,1,No,Website,55.5013698630137,5,285611.70999999996,1428058.5499999998,928.7940000000001,5,0,5,0
C0132,Individual,Davion,Stout,,M,USA,Nevada,Home,1,Yes,Agency,56.1013698630137,4,300943.76,1203775.04,1025.1775,4,0,4,0
C0133,Individual,Logan,Simmons,,M,USA,California,Investment,4,No,Agency,56.1013698630137,4,362449.9825,1449799.93,1177.4025000000001,4,0,4,0
C0134,Individual,Kaylin,Villarreal,,F,Russia,Novosibirsk,Investment,3,No,Website,56.1013698630137,5,352333.974,1761669.8699999999,1095.602,5,0,5,0
C0135,Individual,Ruben,Melton,1939-05-03,M,USA,Utah,Investment,2,No,Agency,87.30410958904109,4,305360.73,1221442.92,1043.6100000000001,4,0,3,1
C0136,Individual,Gianni,Fritz,,M,USA,California,Home,3,No,Website,56.1013698630137,5,378510.944,1892554.72,1244.274,5,0,2,3
C0137,Individual,Emilie,Morrison,,F,USA,California,Home,3,Yes,Website,56.1013698630137,4,247437.6125,989750.45,855.0699999999999,4,0,3,1
C0138,Individual,Crystal,Wyatt,,F,USA,Oregon,Investment,3,Yes,Website,56.1013698630137,5,273564.91000000003,1367824.55,914.412,5,0,3,2
C0139,Individual,Annabel,Robles,,F,USA,California,Home,5,Yes,Website,56.1013698630137,5,361473.26,1807366.3,1136.694,5,0,5,0
C0140,Individual,Rachel,Cross,,F,USA,California,Home,3,No,Website,56.1013698630137,5,311912.306,1559561.53,1041.7220000000002,5,0,4,1
C0141,Individual,Madalyn,Mercer,,F,USA,California,Home,5,No,Website,56.1013698630137,5,353003.818,1765019.09,1088.806,5,0,4,1
C0142,Individual,Michelle,Cameron,1978-04-06,F,USA,Nevada,Home,3,Yes,Website,48.35068493150685,5,334754.038,1673770.19,1149.396,5,0,4,1
C0143,Individual,Ezra,Lozano,,M,USA,California,Home,1,No,Website,56.1013698630137,8,298745.0375,2389960.3,1008.6325,8,0,7,1
C0144,Individual,Ramiro,Oneill,,M,USA,California,Home,4,No,Agency,56.1013698630137,5,379547.948,1897739.74,1206.354,5,0,5,0
C0145,Individual,Emely,Watts,,F,USA,California,Home,4,No,Website,56.1013698630137,5,349314.31,1746571.55,1297.3200000000002,5,0,4,1
C0146,Individual,Hazel,Ayers,1963-01-02,M,USA,Colorado,Home,2,No,Website,63.61917808219178,4,370384.09750000003,1481536.3900000001,1242.6425,4,0,4,0
C0147,Individual,Cedric,Goodwin,,M,USA,Utah,Home,4,No,Client,56.1013698630137,5,279661.854,1398309.27,1000.47,5,0,3,2
C0148,Individual,Dayton,Hatfield,,M,USA,Colorado,Investment,4,Yes,Agency,56.1013698630137,4,425095.925,1700383.7,1413.5925,4,0,4,0
C0149,Individual,Piotr,Aleksandrov,1955-02-12,M,Russia,Krasnodar Krai,Investment,3,No,Agency,71.5123287671233,4,262252.25,1049009.0,906.4850000000001,4,0,3,1
C0150,Individual,Memphis,Mcconnell,,M,USA,California,Home,2,Yes,Website,56.1013698630137,4,461516.645,1846066.58,1500.95,4,0,4,0
C0151,Individual,Arabella,Ferrell,,F,USA,Oregon,Home,1,No,Agency,56.1013698630137,5,317817.264,1589086.32,1123.442,5,0,5,0
C0152,Individual,Sincere,Hansen,,F,USA,California,Investment,2,Yes,Agency,56.1013698630137,7,362743.7042857143,2539205.93,1212.7585714285713,7,0,7,0
C0153,Individual,Lara,Carrillo,,F,USA,California,Home,5,No,Website,56.1013698630137,5,312075.052,1560375.26,944.0319999999999,5,0,5,0
C0154,Individual,Valentina,Simpson,,F,USA,California,Home,4,Yes,Agency,56.1013698630137,5,428491.462,2142457.31,1390.49,5,0,3,2
C0155,Company,Kamd,Co,,M,USA,California,Investment,5,No,Agency,56.1013698630137,5,324577.106,1622885.53,1097.394,5,0,4,1
C0156,Individual,Case,Sanchez,,F,USA,California,Home,5,No,Website,56.1013698630137,4,336225.8675,1344903.47,1102.105,4,0,3,1
C0157,Individual,Van,Charles,,M,USA,Colorado,Home,2,Yes,Client,56.1013698630137,4,265100.0075,1060400.03,830.7675,4,0,4,0
C0158,Individual,Emmy,Singh,1979-03-12,F,USA,Virginia,Investment,3,Yes,Agency,47.41917808219178,4,359869.415,1439477.66,1131.4975,4,0,3,1
C0159,Individual,Colin,Campos,,M,USA,California,Home,3,No,Website,56.1013698630137,4,399126.8625,1596507.45,1336.7325,4,0,4,0
C0160,Individual,Anya,Stephenson,1959-11-06,F,USA,California,Home,4,No,Website,66.77808219178083,5,335943.392,1679716.96,1144.06,5,0,3,2
C0161,Individual,Parker,Poole,1951-10-11,M,USA,California,Home,5,No,Website,74.85479452054794,9,281584.91777777777,2534264.26,939.4144444444444,9,0,8,1
C0162,Individual,Ivan,Bright,,M,USA,California,Home,4,No,Website,56.1013698630137,4,283840.88,1135363.52,983.24,4,0,3,1
C0163,Individual,Larry,Turner,,M,USA,Utah,Investment,5,Yes,Agency,56.1013698630137,4,376648.5525,1506594.21,1307.32,4,0,3,1
C0164,Individual,Matthew,Nelson,,M,USA,Arizona,Home,5,No,Website,56.1013698630137,4,359038.135,1436152.54,1196.7975,4,0,4,0
C0165,Individual,Mary,Hall,1956-11-07,F,USA,California,Home,3,Yes,Website,69.77534246575343,3,425616.44333333336,1276849.33,1357.1933333333334,3,0,3,0
C0166,Individual,Carolyn,Weaver,,F,USA,Arizona,Home,4,Yes,Agency,56.1013698630137,4,318410.8425,1273643.37,1025.3225,4,0,4,0
C0167,Individual,Grace,Green,1955-02-02,F,UK,Scotland,Home,3,Yes,Website,71.53972602739726,7,392796.7614285714,2749577.33,1320.3814285714286,7,0,6,1
C0168,Individual,Pamela,Sanders,1960-06-06,F,USA,Nevada,Home,3,No,Agency,66.1945205479452,4,372946.4675,1491785.87,1329.6025,4,0,4,0
C0169,Individual,Terry,Turner,,M,USA,Ohio,Investment,5,Yes,Agency,56.1013698630137,3,229621.4,688864.2,845.8633333333333,3,0,1,2
C0170,Individual,Jacob,Jones,,M,USA,California,Home,5,No,Website,56.1013698630137,3,387105.38999999996,1161316.17,1339.7466666666667,3,0,3,0
C0171,Individual,Julie,Sanders,1991-05-05,F,USA,Washington,Investment,5,Yes,Client,35.26301369863014,4,319688.4275,1278753.71,1070.72,4,0,4,0
C0172,Individual,Catherine,Carter,,F,USA,Washington,Home,1,Yes,Agency,56.1013698630137,4,420367.97750000004,1681471.9100000001,1572.79,4,0,3,1
C0173,Individual,Amber,Wilson,,F,USA,Arizona,Home,5,Yes,Agency,56.1013698630137,8,327496.05375,2619968.43,1074.5925,8,0,8,0
C0174,Individual,Rachel,Harris,1982-06-07,F,USA,California,Investment,3,No,Client,44.178082191780824,3,288453.24333333335,865359.73,869.7866666666667,3,0,3,0
C0175,Individual,Brandon,Alexander,1962-05-04,M,USA,Washington,Home,5,No,Agency,64.28493150684932,4,401534.52999999997,1606138.1199999999,1313.38,4,0,2,2
C0176,Individual,Hannah,Williams,,F,USA,California,Home,2,No,Website,56.1013698630137,6,446987.98500000004,2681927.91,1514.8,6,0,6,0
C0177,Individual,Sarah,Hansen,1951-05-03,F,UK,England,Home,5,Yes,Website,75.2958904109589,7,324271.02999999997,2269897.21,1160.9514285714286,7,0,6,1
C0178,Individual,Laura,Chavez,,F,USA,Virginia,Home,4,No,Agency,56.1013698630137,7,380845.42285714287,2665917.96,1284.9985714285715,7,0,5,2
C0179,Individual,Ashley,Turner,1986-11-02,F,USA,Oregon,Investment,2,No,Website,39.76986301369863,8,266421.51375,2131372.11,947.5450000000001,8,0,5,3
C0180,Individual,Jacob,Wilson,,M,USA,California,Home,2,Yes,Agency,56.1013698630137,7,380041.76714285713,2660292.37,1249.51,7,0,6,1
C0181,Individual,Lawrence,Peterson,,M,USA,Texas,Home,2,Yes,Website,56.1013698630137,7,292455.66000000003,2047189.62,974.1771428571428,7,0,6,1
C0182,Individual,Virginia,Bennett,1971-02-12,F,Germany,North Rhine-Westphalia,Investment,1,Yes,Website,55.5013698630137,8,385295.29375,3082362.35,1246.94625,8,0,8,0
C0183,Individual,Nicholas,Green,,M,USA,Nevada,Home,3,No,Website,56.1013698630137,7,269015.27428571426,1883106.92,907.1042857142857,7,0,7,0
C0184,Individual,Peter,Pierce,,M,USA,Florida,Home,1,No,Website,56.1013698630137,6,436489.69333333336,2618938.16,1481.7150000000001,6,0,6,0
C0185,Individual,Andrea,Nelson,1945-02-07,F,USA,Nevada,Home,4,Yes,Agency,81.53150684931506,7,355987.40142857144,2491911.81,1137.2942857142857,7,0,7,0
C0186,Individual,Carol,Green,1982-02-04,F,USA,Virginia,Home,1,No,Website,44.515068493150686,8,334285.82875,2674286.63,1100.27125,8,0,8,0
C0187,Individual,Cheryl,Kim,,F,USA,Florida,Home,1,No,Website,56.1013698630137,6,344441.8566666667,2066651.1400000001,1135.37,6,0,4,2
C0188,Individual,Jose,Martin,1940-08-10,M,USA,Oregon,Home,5,Yes,Website,86.03013698630137,7,413063.9428571429,2891447.6,1263.962857142857,7,0,5,2
C0189,Individual,Anna,Adams,1958-11-12,F,USA,California,Home,2,No,Agency,67.76164383561644,7,315665.6314285714,2209659.42,1024.6857142857143,7,0,6,1
C0190,Individual,Karen,Johnson,,F,USA,California,Home,2,No,Website,56.1013698630137,7,325243.02428571426,2276701.17,1049.1542857142856,7,0,6,1
C0191,Individual,Sarah,Turner,1977-06-05,F,USA,Florida,Home,3,No,Agency,49.18630136986302,8,271615.84500000003,2172926.7600000002,913.8512499999999,8,0,5,3
C0192,Individual,Margaret,Moore,1984-04-02,F,Belgium,Brussels,Investment,2,Yes,Website,42.35616438356164,7,414358.4428571428,2900509.0999999996,1304.7214285714288,7,0,5,2
C0193,Individual,Sharon,Campbell,1968-09-08,F,USA,California,Investment,4,Yes,Website,57.93150684931507,7,276254.03428571427,1933778.2399999998,962.7214285714286,7,0,4,3
C0194,Individual,Jonathan,Hall,,M,France,Ile-de-France,Home,5,Yes,Website,56.1013698630137,7,394196.03857142857,2759372.27,1237.292857142857,7,0,5,2
C0195,Individual,Sean,Jones,,M,USA,California,Home,2,Yes,Website,56.1013698630137,7,300319.12142857147,2102233.85,1029.2714285714285,7,0,5,2
C0196,Individual,Alexander,Adams,,M,USA,Nevada,Investment,5,No,Agency,56.1013698630137,6,435289.4066666667,2611736.44,1411.9466666666667,6,0,6,0
C0197,Individual,Kevin,Wright,1944-01-07,M,USA,Virginia,Home,4,No,Client,82.61917808219178,8,346971.075,2775768.6,1082.87,8,0,8,0
C0198,Individual,Michelle,White,,F,USA,California,Home,4,No,Website,56.1013698630137,8,299961.20875,2399689.67,997.5475,8,0,8,0
C0199,Individual,Ryan,Brown,,M,USA,California,Home,3,No,Agency,56.1013698630137,7,368994.26714285713,2582959.87,1162.7385714285715,7,0,6,1
C0200,Individual,Linda,Harris,1944-06-05,F,USA,California,Home,1,No,Agency,82.20821917808219,4,267839.84750000003,1071359.3900000001,920.7075,4,0,4,0
C0201,Individual,Lauren,Weaver,,F,USA,California,Home,1,No,Agency,56.1013698630137,4,324696.885,1298787.54,1147.435,4,0,3,1
C0202,Individual,Jack,Reyes,1996-11-11,M,Canada,British Columbia,Home,1,No,Website,29.736986301369864,3,339757.53,1019272.5900000001,1049.3799999999999,3,0,2,1
C0203,Individual,Christine,Brooks,,F,USA,California,Home,4,No,Client,56.1013698630137,4,310619.7075,1242478.83,916.0375,4,0,4,0
C0204,Individual,Joyce,Pierce,1947-10-01,F,USA,California,Home,5,No,Agency,78.88493150684931,3,311477.66,934432.98,1042.7266666666667,3,0,2,1
C0205,Individual,Kelly,Nelson,,F,Mexico,Puebla,Home,1,Yes,Agency,56.1013698630137,3,316408.16,949224.48,1072.7266666666667,3,0,2,1
C0206,Individual,Nancy,Roberts,1957-08-05,F,USA,California,Home,1,Yes,Agency,69.03287671232877,3,284353.6433333333,853060.9299999999,851.4266666666667,3,0,3,0
C0207,Individual,Kyle,Gray,,M,USA,Virginia,Investment,4,No,Website,56.1013698630137,3,296649.58666666667,889948.76,1104.51,3,0,3,0
C0208,Individual,Mark,James,,M,France,Provence,Home,4,Yes,Agency,56.1013698630137,4,299913.595,1199654.38,997.4100000000001,4,0,3,1
C0209,Individual,Kyle,Moore,,M,USA,Arizona,Investment,3,No,Agency,56.1013698630137,4,244967.0325,979868.13,794.1275,4,0,3,1
C0210,Individual,Janice,Price,,F,USA,Colorado,Home,2,No,Website,56.1013698630137,4,336539.1375,1346156.55,1135.53,4,0,4,0
C0211,Individual,Amy,Evans,,F,USA,California,Home,3,No,Agency,56.1013698630137,4,313560.0175,1254240.07,1053.27,4,0,3,1
C0212,Individual,Jacob,Wood,,M,USA,California,Home,4,No,Agency,56.1013698630137,3,356092.92,1068278.76,1224.68,3,0,3,0
C0213,Individual,Jason,Gray,,M,USA,Florida,Investment,5,No,Agency,56.1013698630137,3,269897.04333333333,809691.13,897.3100000000001,3,0,2,1
C0214,Individual,Helen,Wood,,F,Belgium,Brussels,Investment,5,No,Website,56.1013698630137,3,356844.88000000006,1070534.6400000001,1179.5233333333333,3,0,3,0
C0215,Individual,Lauren,Foster,1999-11-07,F,Germany,Hamburg,Investment,4,No,Website,26.747945205479454,3,344285.48666666663,1032856.46,1110.27,3,0,3,0
C0216,Individual,Albert,Hansen,,M,USA,Utah,Home,1,No,Website,56.1013698630137,4,338160.58499999996,1352642.3399999999,1063.04,4,0,3,1
C0217,Individual,Deborah,Miller,1984-11-07,F,USA,Colorado,Home,3,No,Website,41.75616438356165,4,309608.7275,1238434.91,1019.1225,4,0,4,0
C0218,Individual,Shirley,Anderson,,F,USA,California,Home,2,No,Website,56.1013698630137,3,278879.75666666665,836639.27,913.6700000000001,3,0,2,1
C0219,Individual,William,Turner,,M,USA,California,Home,4,No,Website,56.1013698630137,4,316913.3925,1267653.57,1035.1925,4,0,3,1
C0220,Individual,Walter,Phillips,1951-06-06,M,Canada,Ontario,Investment,1,No,Website,75.2027397260274,3,353604.2266666666,1060812.68,1101.55,3,0,3,0
C0221,Company,Atlas,Co,,F,USA,California,Home,5,No,Website,56.1013698630137,4,344283.39999999997,1377133.5999999999,1186.5225,4,0,4,0
C0222,Individual,Christopher,Stone,1956-08-11,M,USA,Utah,Investment,3,No,Agency,70.01643835616439,3,407853.6066666667,1223560.82,1517.47,3,0,3,0
C0223,Individual,Patrick,Hansen,1973-12-11,M,USA,Colorado,Investment,3,Yes,Website,52.67123287671233,4,242335.4675,969341.87,837.5225,4,0,4,0
C0224,Individual,Nathan,Richardson,,M,USA,Colorado,Home,5,No,Website,56.1013698630137,3,396418.5433333333,1189255.63,1330.2166666666667,3,0,3,0
C0225,Individual,Evelyn,Reyes,,F,USA,California,Home,1,Yes,Agency,56.1013698630137,4,280156.735,1120626.94,905.7525,4,0,3,1
C0226,Individual,Julia,Jordan,1958-11-07,F,USA,Colorado,Home,2,No,Website,67.77534246575343,3,523750.3433333333,1571251.03,1599.3433333333332,3,0,3,0
C0227,Individual,Rachel,Evans,,F,USA,Arizona,Home,5,Yes,Website,56.1013698630137,3,314081.79,942245.37,1104.51,3,0,3,0
C0228,Individual,Hannah,Owens,,F,USA,Oregon,Investment,4,No,Website,56.1013698630137,3,202201.90666666665,606605.72,610.62,3,0,2,1
C0229,Individual,Jose,Turner,,M,USA,Colorado,Investment,5,No,Website,56.1013698630137,3,297406.71,892220.13,900.46,3,0,3,0
C0230,Company,Forsyte,Co,,M,USA,Nevada,Investment,4,Yes,Website,56.1013698630137,4,364357.255,1457429.02,1104.2925,4,0,4,0
C0231,Individual,Ronald,Rogers,,M,Denmark,Central Denmark,Investment,2,Yes,Website,56.1013698630137,3,243297.69333333333,729893.08,849.6366666666667,3,0,3,0
C0232,Individual,Megan,Kim,1962-04-05,F,USA,California,Home,3,Yes,Website,64.36438356164383,4,319177.62250000006,1276710.4900000002,1036.6525,4,0,4,0
C0233,Individual,Larry,Garcia,1997-10-09,M,France,Provence,Home,4,Yes,Website,28.827397260273973,4,276451.635,1105806.54,914.3125,4,0,4,0
C0234,Individual,Andrea,Hughes,1979-02-03,F,USA,New York,Home,1,Yes,Website,47.52054794520548,3,279989.01333333337,839967.04,973.09,3,0,3,0
C0235,Individual,Kenneth,Allen,1949-10-10,M,USA,California,Home,5,No,Website,76.85753424657534,4,317146.645,1268586.58,1092.085,4,0,4,0
C0236,Individual,Gerald,Howard,1972-10-08,M,Canada,Manitoba,Home,3,No,Agency,53.846575342465755,3,440491.89666666667,1321475.69,1449.5,3,0,1,2
C0237,Individual,Jason,Nelson,1984-03-11,M,USA,California,Home,5,Yes,Website,42.416438356164385,3,464117.77,1392353.31,1630.1366666666665,3,0,3,0
C0238,Individual,Amber,Patterson,1982-08-01,F,USA,Virginia,Home,4,Yes,Agency,44.02739726027397,3,375244.24,1125732.72,1125.17,3,0,3,0
C0239,Individual,Megan,Baker,,F,USA,Oregon,Home,3,Yes,Website,56.1013698630137,4,338190.9175,1352763.67,1011.5799999999999,4,0,2,2
C0240,Individual,Amber,Morales,,F,USA,Colorado,Investment,3,No,Website,56.1013698630137,3,311676.0933333333,935028.28,1022.67,3,0,1,2
C0241,Individual,Kelly,Anderson,,F,Mexico,Nuevo Leon,Home,5,Yes,Website,56.1013698630137,3,341978.23666666663,1025934.71,1110.27,3,0,3,0
C0242,Individual,Stephen,Peterson,,M,USA,Utah,Home,3,Yes,Agency,56.1013698630137,4,339578.9325,1358315.73,1191.1025,4,0,3,1
C0243,Individual,Nancy,Patterson,1978-11-07,F,USA,Utah,Home,2,No,Website,47.76164383561644,4,345694.47250000003,1382777.8900000001,1286.2725,4,0,4,0
C0244,Individual,Joyce,Pierce,1998-03-08,F,USA,California,Home,1,No,Website,28.416438356164385,3,348884.0933333333,1046652.28,1095.0333333333335,3,0,1,2
C0245,Individual,Sean,Long,1974-07-01,M,USA,Nevada,Investment,4,No,Agency,52.11780821917808,3,451528.1666666667,1354584.5,1439.256666666667,3,0,3,0
C0246,Individual,Stephen,Pierce,,M,France,Normandy,Home,1,Yes,Agency,56.1013698630137,3,341495.08666666667,1024485.26,1117.9399999999998,3,0,2,1
C0247,Individual,Kevin,Morris,,M,USA,California,Home,1,No,Website,56.1013698630137,4,424135.13,1696540.52,1458.93,4,0,4,0
C0248,Individual,Carl,Collins,1968-09-12,M,USA,Florida,Home,4,Yes,Agency,57.92054794520548,3,345311.54333333333,1035934.63,1224.68,3,0,2,1
C0249,Individual,Stephanie,Montgomery,1968-05-12,F,USA,California,Investment,4,No,Agency,58.25753424657534,4,285748.88,1142995.52,1027.3249999999998,4,0,4,0
C0250,Individual,Justin,Stewart,,M,UK,England,Home,2,No,Agency,56.1013698630137,3,327435.55333333334,982306.66,1076.69,3,0,3,0
C0251,Individual,Janice,Chavez,1976-11-08,F,USA,Utah,Home,5,No,Website,49.75890410958904,3,154537.31666666668,463611.95,564.01,3,0,3,0
C0252,Individual,Elizabeth,Rogers,,F,USA,Nevada,Investment,2,No,Website,56.1013698630137,3,360740.49333333335,1082221.48,1209.64,3,0,2,1
C0253,Individual,Betty,Hughes,,F,USA,Virginia,Home,4,No,Website,56.1013698630137,4,309806.5275,1239226.11,1052.8325,4,0,4,0
C0254,Individual,Rachel,Freeman,,F,USA,Florida,Home,5,No,Website,56.1013698630137,4,333038.1425,1332152.57,1096.3725,4,0,4,0
C0255,Individual,Sara,Jones,1961-08-02,F,UK,England,Investment,3,Yes,Client,65.03835616438356,4,422270.765,1689083.06,1253.3075,4,0,4,0
C0256,Individual,Anthony,Hughes,1990-10-12,M,USA,California,Home,1,Yes,Website,35.824657534246576,3,383409.7166666666,1150229.15,1281.3166666666666,3,0,3,0
C0257,Individual,Nicholas,Kim,,M,USA,California,Home,1,No,Website,56.1013698630137,3,381818.74333333335,1145456.23,1277.84,3,0,2,1
C0258,Individual,Carl,Murray,,M,UK,Northern Ireland,Home,4,Yes,Agency,56.1013698630137,3,333904.12333333335,1001712.37,1173.1833333333334,3,0,3,0
C0259,Individual,Emma,Chavez,,F,USA,Oregon,Home,4,No,Website,56.1013698630137,3,259798.80333333332,779396.4099999999,842.68,3,0,3,0
C0260,Individual,Rebecca,Wood,1946-04-08,F,USA,Nevada,Investment,3,No,Website,80.36712328767123,4,264298.1975,1057192.79,820.9225,4,0,2,2
C0261,Company,Celera,Co,,F,USA,Florida,Investment,4,Yes,Website,56.1013698630137,4,523655.775,2094623.1,1676.3825,4,0,3,1
C0262,Individual,Billy,Bryant,,M,USA,Oregon,Home,2,No,Website,56.1013698630137,3,411086.8,1233260.4,1359.24,3,0,3,0
C0263,Individual,Anthony,Garcia,1981-02-08,M,USA,Nevada,Investment,2,Yes,Website,45.50410958904109,3,323046.80333333334,969140.41,1016.7633333333333,3,0,3,0
C0264,Individual,Melissa,Baker,1992-12-09,F,USA,Colorado,Home,2,Yes,Agency,33.66301369863014,4,281941.505,1127766.02,972.245,4,0,3,1
C0265,Company,Celera,Co,,M,Belgium,Flanders,Home,1,No,Website,56.1013698630137,4,427007.9975,1708031.99,1293.0725,4,0,3,1
C0266,Individual,Aaron,Owens,,M,USA,California,Home,5,Yes,Agency,56.1013698630137,3,310548.79333333333,931646.38,1078.7866666666666,3,0,2,1
C0267,Individual,Judy,Howard,1948-12-11,F,USA,Utah,Home,4,Yes,Agency,77.68767123287671,4,328623.7525,1314495.01,1096.12,4,0,4,0
C0268,Individual,Danielle,Carter,,F,USA,Georgia,Investment,3,No,Website,56.1013698630137,4,277234.96499999997,1108939.8599999999,900.39,4,0,3,1
C0269,Individual,David,Stewart,1969-04-02,M,USA,New York,Home,2,No,Agency,57.367123287671234,3,349703.36000000004,1049110.08,1076.69,3,0,2,1
C0270,Individual,Megan,Allen,,F,USA,Florida,Home,5,No,Website,56.1013698630137,3,308003.3,924009.9,983.4266666666667,3,0,2,1
C0271,Individual,Laura,Hughes,,F,USA,California,Investment,3,No,Agency,56.1013698630137,4,323922.3425,1295689.37,1024.3375,4,0,2,2
C0272,Individual,Pamela,Green,1993-03-08,F,UK,Scotland,Home,5,Yes,Website,33.41917808219178,4,359896.0925,1439584.37,1248.58,4,0,4,0
C0273,Individual,Paul,Morales,,M,Denmark,Zealand,Investment,2,No,Website,56.1013698630137,3,227484.21333333335,682452.64,801.46,3,0,3,0
C0274,Individual,Raymond,Young,1950-01-10,M,USA,Florida,Home,2,No,Website,76.6054794520548,3,447816.4466666667,1343449.34,1467.89,3,0,3,0
C0275,Individual,William,Thompson,,M,USA,Oregon,Home,1,Yes,Website,56.1013698630137,4,309375.075,1237500.3,1177.3375,4,0,3,1
C0276,Individual,Gloria,Harris,,F,USA,Washington,Home,5,No,Website,56.1013698630137,3,337065.32666666666,1011195.98,1164.9766666666667,3,0,3,0
C0277,Individual,Jordan,Garcia,,M,USA,Colorado,Investment,1,Yes,Agency,56.1013698630137,3,374483.1766666667,1123449.53,1286.4266666666667,3,0,3,0
C0278,Individual,Margaret,Foster,1955-03-08,F,USA,California,Investment,2,Yes,Website,71.44657534246575,3,480846.2233333333,1442538.67,1685.2766666666666,3,0,3,0
C0279,Individual,Heather,Montgomery,,F,USA,Oregon,Home,1,No,Website,56.1013698630137,3,337662.0833333333,1012986.25,1170.3533333333332,3,0,3,0
C0280,Individual,Nathan,Price,,M,USA,Florida,Home,4,No,Client,56.1013698630137,4,320505.2325,1282020.93,1154.2525,4,0,3,1
C0281,Individual,Katherine,Phillips,,F,USA,California,Home,1,Yes,Agency,56.1013698630137,3,418758.4566666667,1256275.37,1388.4566666666667,3,0,2,1
C0282,Individual,Emily,Owens,,F,USA,California,Investment,1,No,Website,56.1013698630137,4,243465.95,973863.8,858.9825,4,0,3,1
C0283,Individual,Susan,Edwards,1962-12-05,F,USA,Arizona,Home,2,Yes,Agency,63.6958904109589,4,279649.8675,1118599.47,922.54,4,0,3,1
C0284,Individual,Patrick,Owens,,M,USA,Arizona,Home,4,No,Client,56.1013698630137,4,312993.9625,1251975.85,994.0725,4,0,4,0
C0285,Individual,Billy,Parker,1999-09-03,M,France,Ile-de-France,Investment,3,No,Website,26.926027397260274,4,419764.0325,1679056.13,1423.1725,4,0,4,0
C0286,Individual,Noah,Brooks,,M,UK,Scotland,Home,1,No,Agency,56.1013698630137,3,286451.03,859353.0900000001,988.6033333333334,3,0,3,0
C0287,Individual,Joan,Bell,1990-10-06,F,Australia,New South Wales,Home,5,No,Website,35.84109589041096,3,390421.6766666667,1171265.03,1205.9633333333334,3,0,2,1
C0288,Individual,Kevin,Freeman,1997-03-11,M,USA,Colorado,Investment,4,No,Agency,29.40821917808219,4,341072.3075,1364289.23,1198.3725,4,0,4,0
C0289,Individual,Laura,Hayes,,F,USA,California,Investment,5,No,Agency,56.1013698630137,4,383465.5875,1533862.35,1200.2725,4,0,3,1
C0290,Individual,Ryan,Watson,1962-01-01,M,USA,California,Home,2,No,Website,64.62191780821918,3,405132.7266666666,1215398.18,1337.1733333333334,3,0,2,1
C0291,Individual,James,Bryant,1953-06-07,M,USA,Nevada,Home,2,No,Agency,73.1972602739726,3,440835.58666666667,1322506.76,1523.6933333333334,3,0,3,0
C0292,Individual,Karen,Watson,1945-02-12,F,USA,California,Home,1,No,Agency,81.51780821917808,4,360704.58499999996,1442818.3399999999,1084.0625,4,0,4,0
C0293,Individual,Ruth,Collins,1993-01-07,F,USA,California,Investment,4,No,Website,33.583561643835615,4,395219.1625,1580876.65,1299.3274999999999,4,0,4,0
C0294,Individual,Nicholas,Reyes,,M,USA,Nevada,Home,3,Yes,Website,56.1013698630137,4,256812.7275,1027250.91,825.1324999999999,4,0,3,1
C0295,Individual,Roger,Harris,1967-07-09,M,Russia,Tatarstan,Home,3,No,Agency,59.1013698630137,3,450125.24333333335,1350375.73,1413.8666666666668,3,0,3,0
C0296,Individual,Mark,Young,1984-06-04,M,Canada,Manitoba,Home,1,Yes,Client,42.18356164383562,3,380958.48666666663,1142875.46,1238.0233333333333,3,0,3,0
C0297,Individual,Julia,Murray,,F,UK,Wales,Investment,5,No,Agency,56.1013698630137,4,427296.1875,1709184.75,1422.9925,4,0,4,0
C0298,Individual,Sarah,Patterson,1972-10-11,F,USA,Oregon,Home,3,No,Website,53.83835616438356,4,315619.8075,1262479.23,1069.63,4,0,3,1
C0299,Individual,Barbara,Davis,1977-03-05,F,UK,Wales,Home,5,No,Agency,49.43835616438356,4,294415.44,1177661.76,948.7574999999999,4,0,4,0
C0300,Individual,Zachary,Peterson,1959-11-04,M,Canada,Alberta,Home,5,Yes,Website,66.78356164383561,3,281652.18333333335,844956.55,877.9633333333333,3,0,3,0
C0301,Individual,Lisa,Alexander,1959-02-03,F,USA,Virginia,Home,4,No,Agency,67.53424657534246,3,348592.17333333334,1045776.52,1286.4266666666667,3,0,3,0
C0302,Individual,Maria,Edwards,,F,USA,Utah,Investment,1,No,Agency,56.1013698630137,4,413575.0825,1654300.33,1239.145,4,0,2,2
C0303,Individual,Betty,Owens,1957-10-07,F,USA,Virginia,Investment,5,Yes,Website,68.86027397260274,4,379778.28,1519113.12,1242.0825,4,0,3,1
C0304,Individual,Patrick,Morris,,M,USA,California,Investment,1,No,Agency,56.1013698630137,4,421438.32,1685753.28,1333.5625,4,0,4,0
C0305,Individual,Emily,Kim,,F,USA,Arizona,Home,1,No,Website,56.1013698630137,3,442578.74333333335,1327736.23,1493.243333333333,3,0,2,1
C0306,Individual,Samuel,Foster,1988-05-04,M,USA,California,Home,1,No,Client,38.26575342465753,4,349924.6975,1399698.79,1075.5049999999999,4,0,3,1
C0307,Individual,Samuel,Freeman,,M,USA,California,Home,5,Yes,Client,56.1013698630137,4,372542.59500000003,1490170.3800000001,1167.105,4,0,3,1
C0308,Individual,Catherine,Roberts,1972-10-10,F,Belgium,Flanders,Investment,4,Yes,Agency,53.84109589041096,3,392194.18,1176582.54,1343.8166666666666,3,0,3,0
C0309,Individual,Stephanie,Cox,,F,USA,Washington,Home,4,No,Agency,56.1013698630137,3,460883.19333333336,1382649.58,1412.2166666666665,3,0,2,1
C0310,Individual,Edward,Weaver,1992-02-05,M,UK,Northern Ireland,Home,3,No,Website,34.50684931506849,3,463109.87333333335,1389329.62,1565.3233333333335,3,0,3,0
C0311,Individual,Justin,Anderson,1952-09-03,M,USA,Georgia,Home,2,No,Website,73.95616438356164,4,408249.89,1632999.56,1312.8225,4,0,3,1
C0312,Individual,Zachary,Cooper,,M,USA,Nevada,Home,3,Yes,Website,56.1013698630137,4,276417.165,1105668.66,962.3199999999999,4,0,4,0
C0313,Company,Stratos,Co,1974-12-04,M,USA,California,Home,1,No,Agency,51.69041095890411,3,363695.31000000006,1091085.9300000002,1190.3133333333333,3,0,2,1
C0314,Individual,Andrew,Jones,,M,USA,Washington,Investment,4,No,Agency,56.1013698630137,3,346931.67333333334,1040795.02,1138.4233333333334,3,0,2,1
C0315,Individual,Michael,Phillips,,M,Mexico,Baja California,Investment,5,No,Website,56.1013698630137,4,294651.64,1178606.56,979.6775,4,0,3,1
C0316,Individual,Brandon,Martin,,M,UK,Scotland,Investment,4,Yes,Website,56.1013698630137,4,448111.8175,1792447.27,1338.8999999999999,4,0,3,1
C0317,Individual,Amber,Hansen,,F,USA,California,Investment,2,Yes,Website,56.1013698630137,3,416148.10333333333,1248444.31,1451.2533333333333,3,0,3,0
C0318,Individual,Amy,Peterson,,F,Germany,Berlin,Home,5,No,Website,56.1013698630137,3,290656.2233333333,871968.67,927.6066666666666,3,0,3,0
C0319,Company,Zynex,Co,1995-12-11,F,USA,Texas,Home,5,Yes,Website,30.65753424657534,4,515263.6625,2061054.65,1726.0575,4,0,3,1
C0320,Individual,Tyler,Cox,1984-01-12,M,USA,Texas,Home,3,Yes,Client,42.57808219178082,3,439244.03,1317732.09,1465.92,3,0,2,1
C0321,Individual,Jesse,Cook,1992-12-01,M,USA,California,Investment,2,No,Agency,33.68493150684932,4,425438.4275,1701753.71,1321.76,4,0,4,0
C0322,Individual,Deborah,Moore,,F,USA,California,Home,2,Yes,Website,56.1013698630137,3,449000.9766666666,1347002.93,1445.2933333333333,3,0,2,1
C0323,Individual,Samantha,Hayes,,F,USA,California,Investment,2,Yes,Website,56.1013698630137,3,410275.2066666667,1230825.62,1308.5133333333333,3,0,2,1
C0324,Individual,Raymond,Parker,,M,USA,Washington,Home,4,No,Website,56.1013698630137,3,382373.75,1147121.25,1313.16,3,0,2,1
C0325,Individual,Maria,Flores,,F,USA,California,Home,5,Yes,Agency,56.1013698630137,4,301293.89,1205175.56,1030.1225,4,0,2,2
C0326,Individual,Daniel,Reed,1958-10-05,M,USA,Oregon,Investment,4,Yes,Agency,67.86575342465754,4,330493.875,1321975.5,1028.1275,4,0,4,0
C0327,Individual,Elizabeth,Ward,1961-09-07,F,UK,Scotland,Home,1,No,Agency,64.93972602739726,4,279091.68,1116366.72,933.355,4,0,4,0
C0328,Individual,William,Young,,M,USA,California,Home,1,Yes,Client,56.1013698630137,4,339140.0775,1356560.31,1030.21,4,0,4,0
C0329,Individual,Diane,Morales,1998-05-10,F,Germany,Hesse,Home,3,No,Agency,28.243835616438357,3,256687.46666666667,770062.4,922.6666666666666,3,0,3,0
C0330,Individual,Christian,Richardson,,M,USA,California,Home,1,No,Website,56.1013698630137,4,332865.9075,1331463.63,1146.9925,4,0,4,0
C0331,Individual,Ann,Martin,,F,USA,California,Investment,3,No,Agency,56.1013698630137,4,386583.6,1546334.4,1259.95,4,0,3,1
C0332,Individual,Christopher,Price,,M,USA,Texas,Investment,3,No,Website,56.1013698630137,3,403329.1533333333,1209987.46,1435.6633333333332,3,0,2,1
C0333,Individual,Helen,Hall,,F,UK,Wales,Home,3,No,Website,56.1013698630137,3,372986.6866666667,1118960.06,1203.39,3,0,2,1
C0334,Individual,Andrew,Roberts,1950-01-08,M,USA,Arizona,Investment,3,No,Agency,76.6109589041096,4,361413.9825,1445655.93,1047.99,4,0,2,2
C0335,Individual,Charles,Morris,,M,USA,Arizona,Home,4,No,Website,56.1013698630137,4,369585.28,1478341.12,1190.4075,4,0,2,2
C0336,Individual,Karen,Price,,F,USA,California,Investment,5,No,Agency,56.1013698630137,3,387896.8633333333,1163690.5899999999,1226.8766666666668,3,0,3,0
C0337,Individual,Nathan,Alexander,,M,USA,Arizona,Home,3,Yes,Website,56.1013698630137,3,253103.4,759310.2,893.3766666666667,3,0,3,0
C0338,Individual,Patrick,Flores,,M,USA,California,Home,5,Yes,Website,56.1013698630137,4,372167.78250000003,1488671.1300000001,1227.17,4,0,2,2
C0339,Individual,Keith,King,1963-05-10,M,USA,Utah,Investment,5,No,Agency,63.26849315068493,4,387206.0575,1548824.23,1170.135,4,0,4,0
C0340,Individual,Daniel,Garcia,,M,USA,California,Investment,2,No,Agency,56.1013698630137,3,349166.80666666664,1047500.4199999999,1263.5766666666666,3,0,3,0
C0341,Individual,Carl,Chavez,1982-10-11,M,USA,California,Investment,4,No,Agency,43.83287671232877,4,419888.855,1679555.42,1293.0725,4,0,4,0
C0342,Individual,Kevin,Hughes,,M,USA,California,Investment,2,No,Client,56.1013698630137,3,430189.13000000006,1290567.3900000001,1286.43,3,0,3,0
C0343,Individual,Joyce,Thompson,,F,USA,California,Home,2,No,Website,56.1013698630137,4,407730.9925,1630923.97,1374.585,4,0,4,0
C0344,Individual,Joshua,Jackson,,M,Canada,British Columbia,Home,2,Yes,Website,56.1013698630137,4,319086.17,1276344.68,1059.9375,4,0,4,0
C0345,Individual,Stephanie,Hall,,F,USA,New York,Home,4,Yes,Website,56.1013698630137,3,446562.4166666667,1339687.25,1510.3766666666668,3,0,2,1
C0346,Individual,Amy,Nelson,1963-02-06,F,USA,California,Home,5,No,Agency,63.52328767123288,3,391604.2866666666,1174812.8599999999,1271.67,3,0,3,0
C0347,Individual,Mark,Reyes,,M,USA,Washington,Home,3,Yes,Website,56.1013698630137,3,459335.48333333334,1378006.45,1471.6200000000001,3,0,1,2
C0348,Individual,Jack,Pierce,,M,USA,Colorado,Investment,5,Yes,Agency,56.1013698630137,4,370658.48,1482633.92,1246.7075,4,0,4,0
C0349,Individual,Paul,Jackson,,M,USA,Arizona,Home,2,Yes,Agency,56.1013698630137,3,355248.61333333334,1065745.84,1124.5,3,0,2,1
C0350,Individual,Richard,Jones,1992-11-12,M,USA,Arizona,Home,2,No,Agency,33.73698630136986,3,355469.43333333335,1066408.3,1206.2733333333333,3,0,2,1
C0351,Individual,Michelle,Watson,,F,USA,Oregon,Home,5,No,Agency,56.1013698630137,4,387778.44,1551113.76,1260.0625,4,0,3,1
C0352,Individual,Judith,Williams,,F,USA,Nevada,Investment,3,No,Agency,56.1013698630137,3,446610.01333333337,1339830.04,1447.82,3,0,3,0
C0353,Individual,Anna,Murray,,F,USA,Arizona,Home,2,No,Agency,56.1013698630137,3,296618.38666666666,889855.16,980.8699999999999,3,0,3,0
C0354,Individual,Kimberly,Turner,,F,USA,California,Home,4,No,Website,56.1013698630137,3,320732.2,962196.6000000001,1059.1499999999999,3,0,2,1
C0355,Individual,Henry,Alexander,,M,Mexico,Baja California,Investment,1,No,Website,56.1013698630137,3,343197.99,1029593.97,1273.45,3,0,3,0
C0356,Individual,Andrea,Kim,1976-06-06,F,USA,Georgia,Home,3,No,Website,50.18356164383562,4,241087.975,964351.9,816.16,4,0,4,0
C0357,Individual,Danielle,Griffin,1988-09-04,F,USA,California,Home,3,No,Website,37.92876712328767,3,323543.0733333333,970629.22,1059.3466666666666,3,0,2,1
C0358,Individual,Katherine,Griffin,,F,Australia,New South Wales,Home,3,Yes,Agency,56.1013698630137,3,383639.91333333333,1150919.74,1240.6066666666666,3,0,2,1
C0359,Individual,Julie,Cooper,1951-10-03,F,USA,California,Investment,1,No,Agency,74.87671232876713,3,366063.2966666667,1098189.8900000001,1308.5133333333333,3,0,3,0
C0360,Individual,Laura,Baker,1948-09-09,F,USA,Utah,Home,2,Yes,Agency,77.94246575342466,4,494506.62,1978026.48,1676.3825,4,0,4,0
C0361,Individual,Nicholas,Miller,1958-08-09,M,UK,England,Home,1,Yes,Website,68.02191780821917,4,367093.0625,1468372.25,1222.5974999999999,4,0,3,1
C0362,Individual,Betty,Moore,2000-06-09,F,USA,Utah,Home,4,No,Website,26.15890410958904,3,376556.4666666666,1129669.4,1162.6166666666666,3,0,3,0
C0363,Individual,Christine,Edwards,,F,USA,Utah,Investment,2,No,Client,56.1013698630137,4,308075.36,1232301.44,929.6975,4,0,3,1
C0364,Individual,George,Gray,1944-02-03,M,USA,Texas,Home,2,No,Website,82.54520547945205,4,373126.295,1492505.18,1261.78,4,0,2,2
C0365,Individual,Brandon,Morales,1962-11-02,M,USA,Colorado,Investment,5,No,Agency,63.78630136986301,3,317086.63333333336,951259.9,1164.9766666666667,3,0,3,0
C0366,Individual,Keith,Long,,M,USA,California,Home,4,No,Website,56.1013698630137,3,473378.44,1420135.32,1452.2633333333333,3,0,1,2
C0367,Individual,Samuel,Collins,,M,USA,California,Investment,4,No,Agency,56.1013698630137,4,415654.47,1662617.88,1269.065,4,0,2,2
C0368,Individual,Betty,Scott,1992-11-08,F,USA,California,Home,4,Yes,Agency,33.74794520547945,4,373638.1125,1494552.45,1136.215,4,0,3,1
C0369,Individual,Helen,Murray,1954-01-10,F,USA,Utah,Home,2,Yes,Agency,72.6027397260274,4,396609.77,1586439.08,1333.5625,4,0,4,0
C0370,Individual,Michelle,Brooks,,F,Russia,Krasnodar Krai,Home,1,No,Website,56.1013698630137,4,403408.34750000003,1613633.3900000001,1334.8775,4,0,4,0
C0371,Individual,Ryan,Moore,,M,Belgium,Wallonia,Investment,3,No,Agency,56.1013698630137,3,275736.2033333333,827208.61,842.68,3,0,2,1
C0372,Individual,Teresa,Nelson,,F,Belgium,Flanders,Investment,1,No,Agency,56.1013698630137,3,426709.35333333333,1280128.06,1361.7433333333333,3,0,3,0
C0373,Individual,Karen,Morales,,F,USA,Georgia,Home,2,No,Agency,56.1013698630137,3,349092.3933333333,1047277.1799999999,1160.5133333333333,3,0,2,1
C0374,Individual,Madison,Hughes,1993-07-11,F,Australia,New South Wales,Investment,4,Yes,Agency,33.07671232876712,4,229206.465,916825.86,735.11,4,0,3,1
C0375,Individual,Kyle,Thompson,,M,USA,California,Investment,4,No,Website,56.1013698630137,3,392860.2133333334,1178580.6400000001,1224.68,3,0,2,1
C0376,Individual,Shirley,Smith,,F,USA,California,Home,3,No,Website,56.1013698630137,3,394269.43,1182808.29,1361.7433333333333,3,0,2,1
C0377,Individual,Charles,Patterson,,M,USA,Washington,Home,4,No,Website,56.1013698630137,3,274260.10666666663,822780.32,904.0466666666667,3,0,2,1
C0378,Individual,Heather,Anderson,,F,USA,California,Investment,3,Yes,Website,56.1013698630137,3,270795.83666666667,812387.51,983.4266666666667,3,0,3,0
C0379,Company,Optima,Co,,M,USA,California,Investment,2,Yes,Client,56.1013698630137,4,313729.83999999997,1254919.3599999999,1115.505,4,0,3,1
C0380,Individual,Evelyn,Chavez,,F,USA,California,Home,3,Yes,Website,56.1013698630137,3,313236.29,939708.87,1175.45,3,0,2,1
C0381,Individual,David,Gray,1961-08-01,M,USA,California,Home,5,Yes,Agency,65.04109589041096,3,292971.0633333333,878913.19,1188.2333333333333,3,0,3,0
C0382,Individual,Nicholas,Garcia,1975-08-08,M,USA,California,Investment,1,Yes,Agency,51.013698630136986,3,326713.0833333333,980139.25,980.8699999999999,3,0,2,1
C0383,Company,Novex,Co,1985-09-11,F,Mexico,Mexico City,Investment,3,No,Agency,40.912328767123284,4,242017.66,968070.64,809.6575,4,0,4,0
C0384,Individual,Amy,Stewart,,F,USA,California,Home,3,Yes,Website,56.1013698630137,3,336920.58,1010761.74,1049.3799999999999,3,0,3,0
C0385,Individual,Douglas,Owens,1969-12-01,M,UK,Northern Ireland,Investment,4,No,Website,56.701369863013696,3,429882.1366666667,1289646.4100000001,1277.2733333333333,3,0,3,0
C0386,Individual,Carol,Stewart,,F,USA,Colorado,Home,2,No,Client,56.1013698630137,3,544657.4033333333,1633972.21,1445.08,3,0,1,2
C0387,Individual,Jessica,Owens,,F,USA,California,Home,2,Yes,Website,56.1013698630137,4,498245.8875,1992983.55,1555.2975000000001,4,0,4,0
C0388,Individual,Zachary,Cox,,M,USA,California,Home,4,No,Agency,56.1013698630137,3,320631.64,961894.92,975.9433333333333,3,0,2,1
C0389,Individual,Ronald,Stone,,M,USA,Colorado,Home,3,No,Website,56.1013698630137,4,315387.27249999996,1261549.0899999999,1119.0900000000001,4,0,2,2
C0390,Individual,Steven,Griffin,,M,Canada,Quebec,Investment,2,No,Website,56.1013698630137,4,419690.51749999996,1678762.0699999998,1295.2649999999999,4,0,3,1
C0391,Individual,Heather,Long,1966-12-11,F,USA,California,Home,5,No,Agency,59.676712328767124,3,345004.3033333333,1035012.9099999999,1064.4166666666667,3,0,3,0
C0392,Individual,Katherine,Adams,,F,USA,Arizona,Home,2,Yes,Website,56.1013698630137,4,253957.5075,1015830.03,922.6600000000001,4,0,4,0
C0393,Individual,Nicole,Allen,1988-08-06,F,USA,Arizona,Home,4,No,Agency,38.00821917808219,4,404139.195,1616556.78,1298.145,4,0,3,1
C0394,Individual,Shirley,Foster,,F,USA,Colorado,Home,3,Yes,Website,56.1013698630137,4,314710.0,1258840.0,1041.8025,4,0,3,1
C0395,Individual,Deborah,Chavez,,F,USA,Florida,Home,1,No,Website,56.1013698630137,3,384378.16,1153134.48,1303.4733333333334,3,0,2,1
C0396,Individual,Charles,Allen,,M,USA,Nevada,Home,5,No,Agency,56.1013698630137,4,295361.8125,1181447.25,896.2524999999999,4,0,4,0
C0397,Individual,Hannah,Williams,,F,USA,California,Home,5,No,Website,56.1013698630137,3,264514.42333333334,793543.27,862.11,3,0,3,0
C0398,Individual,Jennifer,Alexander,,F,USA,Texas,Home,1,Yes,Agency,56.1013698630137,4,296673.4625,1186693.85,935.765,4,0,3,1
C0399,Individual,Albert,Kim,1984-09-06,M,USA,California,Home,4,No,Agency,41.92602739726028,4,307264.3725,1229057.49,1093.05,4,0,3,1
C0400,Individual,Brandon,Anderson,,M,USA,California,Home,4,No,Agency,56.1013698630137,4,340038.2475,1360152.99,1239.145,4,0,4,0
C0401,Individual,Brian,Anderson,,M,USA,Arizona,Home,5,Yes,Website,56.1013698630137,4,255228.26750000002,1020913.0700000001,853.07,4,0,4,0
C0402,Individual,Brenda,Garcia,,F,USA,Georgia,Home,5,No,Website,56.1013698630137,3,351388.98333333334,1054166.95,1102.8633333333335,3,0,3,0
C0403,Individual,Jennifer,Adams,,F,Australia,New South Wales,Home,1,No,Website,56.1013698630137,3,292930.99333333335,878792.98,1060.9733333333334,3,0,2,1
C0404,Individual,Sara,Cook,1976-05-12,F,France,Normandy,Investment,1,No,Client,50.25205479452055,3,243929.65333333332,731788.96,753.3133333333334,3,0,3,0
C0405,Company,Horizon,Co,,M,USA,Colorado,Home,1,No,Agency,56.1013698630137,4,327740.8125,1310963.25,1140.38,4,0,4,0
C0406,Individual,Christine,Brown,,F,USA,Colorado,Home,3,No,Website,56.1013698630137,4,329291.28,1317165.12,1090.1925,4,0,3,1
C0407,Individual,Lisa,Freeman,,F,USA,California,Home,2,No,Client,56.1013698630137,4,313623.7275,1254494.91,1045.8025,4,0,4,0
C0408,Individual,Tyler,Rogers,1977-03-02,M,USA,California,Home,3,No,Website,49.446575342465756,3,440165.67,1320497.01,1413.0600000000002,3,0,3,0
C0409,Individual,Timothy,Reyes,,M,USA,Nevada,Home,1,Yes,Website,56.1013698630137,4,454167.3,1816669.2,1449.3775,4,0,2,2
C0410,Individual,Diane,Johnson,,F,Russia,Saint Petersburg,Home,5,Yes,Agency,56.1013698630137,3,340568.67333333334,1021706.02,1189.1899999999998,3,0,3,0
C0411,Individual,Amanda,Moore,1983-09-05,F,USA,California,Home,2,No,Website,42.93150684931507,3,298995.73666666663,896987.21,883.7466666666668,3,0,1,2
C0412,Individual,Karen,Richardson,,F,UK,Scotland,Home,5,No,Website,56.1013698630137,3,366792.0833333333,1100376.25,1260.8366666666668,3,0,3,0
C0413,Individual,Brandon,Smith,1940-11-07,M,Canada,British Columbia,Home,3,No,Website,85.78630136986301,4,442281.555,1769126.22,1431.4575,4,0,4,0
C0414,Individual,Brandon,Reed,1962-07-12,M,USA,California,Home,4,No,Website,64.0958904109589,4,353037.235,1412148.94,1144.74,4,0,3,1
C0415,Individual,Grace,Turner,1980-09-07,F,USA,Nevada,Home,5,Yes,Agency,45.92602739726028,4,326482.08749999997,1305928.3499999999,1093.05,4,0,4,0
C0416,Company,Bravada,Co,,M,Germany,North Rhine-Westphalia,Investment,5,Yes,Client,56.1013698630137,3,353177.50333333336,1059532.51,1260.8366666666668,3,0,3,0
C0417,Individual,Peter,Collins,1947-03-12,M,USA,Utah,Home,2,No,Website,79.44109589041096,3,451591.32,1354773.96,1471.8999999999999,3,0,3,0
C0418,Individual,Douglas,Howard,,M,USA,Arizona,Home,5,No,Agency,56.1013698630137,4,407371.7075,1629486.83,1276.8225,4,0,4,0
C0419,Individual,Jack,Hansen,1962-03-11,M,USA,Washington,Home,3,Yes,Agency,64.43287671232876,4,293503.0475,1174012.19,990.4475,4,0,3,1
C0420,Individual,Debra,Reyes,1994-04-01,F,USA,California,Home,5,No,Agency,32.35342465753425,3,420032.0533333334,1260096.1600000001,1330.2166666666667,3,0,2,1
C0421,Individual,Zachary,Cox,,M,Germany,Hesse,Investment,5,Yes,Website,56.1013698630137,4,373940.84249999997,1495763.3699999999,1203.905,4,0,4,0
C0422,Company,Telnox,Co,,F,USA,California,Home,1,Yes,Client,56.1013698630137,4,413292.905,1653171.62,1428.5749999999998,4,0,4,0
C0423,Individual,Rachel,Sanders,,F,USA,California,Home,1,No,Client,56.1013698630137,3,356238.73,1068716.19,1195.1966666666667,3,0,2,1
C0424,Individual,Sarah,Stewart,1998-04-12,F,USA,Florida,Home,1,No,Website,28.32054794520548,3,344678.76666666666,1034036.3,1107.81,3,0,3,0
C0425,Individual,Gerald,Wright,1965-11-03,M,USA,Nevada,Home,2,No,Agency,60.78082191780822,3,418977.49333333335,1256932.48,1452.2633333333333,3,0,3,0
C0426,Individual,Julie,Brown,1953-07-10,F,USA,Oregon,Home,4,Yes,Client,73.10684931506849,3,296750.2033333333,890250.61,874.19,3,0,3,0
C0427,Individual,Sarah,Peterson,1994-06-09,F,USA,California,Home,4,Yes,Website,32.16438356164384,4,364254.0775,1457016.31,1216.595,4,0,4,0
C0428,Individual,Gloria,Rogers,,F,USA,Oregon,Home,3,No,Agency,56.1013698630137,4,246112.83,984451.32,838.2925,4,0,4,0
C0429,Individual,Danielle,Stone,1995-05-11,F,USA,California,Home,3,Yes,Website,31.243835616438357,4,375976.04000000004,1503904.1600000001,1374.585,4,0,3,1
C0430,Individual,Roger,Wood,1974-05-10,M,USA,Nevada,Home,2,No,Agency,52.26027397260274,3,310380.6533333333,931141.96,1033.1033333333332,3,0,2,1
C0431,Individual,Austin,King,1969-05-05,M,USA,California,Home,5,Yes,Website,57.276712328767125,4,386187.8325,1544751.33,1246.6175,4,0,4,0
C0432,Company,Grandis,Co,,M,USA,California,Home,5,No,Agency,56.1013698630137,4,319462.5375,1277850.15,1025.1499999999999,4,0,4,0
C0433,Individual,Ruth,Hughes,1969-03-03,F,USA,California,Investment,2,Yes,Website,57.44931506849315,4,484265.3425,1937061.37,1591.4724999999999,4,0,4,0
C0434,Individual,Amanda,Sanders,,F,Russia,Tatarstan,Home,5,No,Website,56.1013698630137,3,454963.08,1364889.24,1445.5566666666666,3,0,3,0
C0435,Individual,Sara,Richardson,,F,Australia,New South Wales,Home,5,Yes,Website,56.1013698630137,3,302990.11333333334,908970.34,1077.3233333333335,3,0,3,0
C0436,Individual,Brandon,Jones,1972-12-05,M,USA,Colorado,Home,2,Yes,Client,53.68767123287671,4,331898.66,1327594.64,1064.2625,4,0,4,0
C0437,Individual,Danielle,James,1990-05-10,F,USA,Texas,Home,1,No,Website,36.24931506849315,3,219010.94000000003,657032.8200000001,801.46,3,0,3,0
C0438,Individual,Gregory,Collins,1982-09-10,M,USA,Georgia,Investment,1,Yes,Client,43.917808219178085,4,364660.275,1458641.1,1261.78,4,0,4,0
C0439,Individual,Larry,Thompson,1956-08-03,M,USA,Virginia,Home,2,No,Agency,70.03835616438356,3,424442.87333333335,1273328.62,1422.97,3,0,2,1
C0440,Individual,Lawrence,Parker,,M,USA,California,Investment,1,No,Agency,56.1013698630137,3,234499.61,703498.83,845.8633333333333,3,0,3,0
C0441,Individual,Joan,Foster,1980-01-10,F,Russia,Krasnodar Krai,Investment,1,No,Agency,46.586301369863016,4,381462.3875,1525849.55,1239.2649999999999,4,0,3,1
C0442,Individual,Sarah,Hansen,,F,USA,Colorado,Home,3,Yes,Website,56.1013698630137,4,426866.7425,1707466.97,1489.73,4,0,4,0
C0443,Individual,Noah,Foster,,M,Denmark,Capital Region,Home,1,Yes,Agency,56.1013698630137,3,451946.3666666667,1355839.1,1527.8633333333335,3,0,3,0
C0444,Individual,Jennifer,Martin,,F,USA,California,Home,2,No,Website,56.1013698630137,4,263628.635,1054514.54,943.97,4,0,3,1
C0445,Individual,Michelle,Evans,1995-12-11,F,USA,California,Home,2,Yes,Website,30.65753424657534,4,356422.9075,1425691.63,1101.9875,4,0,3,1
C0446,Individual,Douglas,Thomas,1955-01-02,M,USA,Colorado,Home,2,No,Website,71.62465753424658,3,341551.68,1024655.04,1258.6899999999998,3,0,2,1
C0447,Individual,Patricia,Johnson,,F,USA,New York,Home,2,No,Website,56.1013698630137,3,514530.7166666666,1543592.15,1680.5266666666666,3,0,2,1
C0448,Individual,Mark,White,1980-10-06,M,USA,Nevada,Investment,2,No,Agency,45.846575342465755,3,314022.16,942066.48,1050.08,3,0,3,0
C0449,Individual,Jordan,King,,M,USA,Oregon,Investment,2,No,Agency,56.1013698630137,3,472974.14666666667,1418922.44,1504.28,3,0,1,2
C0450,Individual,Matthew,Jackson,,M,Mexico,Nuevo Leon,Home,3,No,Website,56.1013698630137,4,388824.34249999997,1555297.3699999999,1258.5825,4,0,4,0
C0451,Individual,Larry,Anderson,,M,Canada,Alberta,Investment,5,Yes,Client,56.1013698630137,4,416491.85250000004,1665967.4100000001,1339.695,4,0,3,1
C0452,Individual,Brandon,Adams,,M,USA,Washington,Home,3,No,Website,56.1013698630137,4,349589.6725,1398358.69,1086.2275,4,0,4,0
C0453,Individual,Carl,Wood,,M,UK,Scotland,Investment,1,No,Website,56.1013698630137,4,330252.69,1321010.76,1103.3025,4,0,4,0
C0454,Company,Altira,Co,1961-01-04,F,USA,Nevada,Investment,4,No,Agency,65.61369863013698,3,326894.57666666666,980683.73,1072.4833333333333,3,0,3,0
C0455,Individual,Karen,Williams,1963-01-02,F,USA,California,Home,1,No,Agency,63.61917808219178,4,281431.655,1125726.62,838.2925,4,0,4,0
C0456,Individual,Virginia,Brooks,,F,USA,Oregon,Home,3,Yes,Website,56.1013698630137,3,449736.85000000003,1349210.55,1448.82,3,0,3,0
C0457,Individual,Kenneth,Hansen,,M,UK,Wales,Investment,1,No,Agency,56.1013698630137,3,466646.73666666663,1399940.21,1457.8333333333333,3,0,3,0
C0458,Individual,Thomas,Turner,1995-04-07,M,USA,Oregon,Investment,1,No,Agency,31.336986301369862,4,345720.4525,1382881.81,1123.3175,4,0,3,1
C0459,Individual,Steven,Johnson,,M,USA,California,Home,3,No,Agency,56.1013698630137,3,273905.38,821716.14,945.65,3,0,2,1
C0460,Individual,Amanda,Cox,,F,USA,Virginia,Home,1,No,Website,56.1013698630137,3,353783.01,1061349.03,1078.7866666666666,3,0,2,1
C0461,Individual,Jonathan,Peterson,,M,USA,Arizona,Home,1,No,Agency,56.1013698630137,3,328876.7966666667,986630.39,1157.47,3,0,2,1
C0462,Individual,Eric,White,,M,Australia,Victoria,Home,2,No,Agency,56.1013698630137,4,401666.92,1606667.68,1316.0375,4,0,4,0
C0463,Individual,Nicholas,Garcia,,M,USA,California,Home,5,No,Client,56.1013698630137,4,308773.6825,1235094.73,989.46,4,0,3,1
C0464,Individual,Gregory,Turner,1974-11-12,M,USA,Florida,Home,5,No,Website,51.75068493150685,4,363887.5,1455550.0,1276.8225,4,0,3,1
C0465,Individual,George,Carter,1949-02-09,M,USA,California,Home,3,No,Website,77.52328767123288,3,235933.30666666664,707799.9199999999,839.1433333333334,3,0,3,0
C0466,Individual,Patricia,Cox,,F,USA,Virginia,Investment,2,No,Website,56.1013698630137,4,307162.8025,1228651.21,1030.21,4,0,3,1
C0467,Individual,Rebecca,Chavez,1952-05-04,F,USA,Ohio,Home,1,Yes,Agency,74.2904109589041,3,325355.64333333337,976066.93,1155.6966666666667,3,0,3,0
C0468,Individual,Raymond,Smith,,M,Mexico,Jalisco,Investment,3,Yes,Website,56.1013698630137,3,422465.5999999999,1267396.7999999998,1386.32,3,0,2,1
C0469,Individual,Adam,Foster,,M,USA,California,Home,2,No,Website,56.1013698630137,4,379619.1175,1518476.47,1265.3825,4,0,4,0
C0470,Individual,Joan,Anderson,,F,USA,Oregon,Home,1,No,Agency,56.1013698630137,3,287517.51333333337,862552.54,883.7466666666666,3,0,3,0
C0471,Individual,Gary,Collins,,M,USA,Utah,Investment,3,No,Agency,56.1013698630137,3,361665.79666666663,1084997.39,1209.64,3,0,1,2
C0472,Individual,Edward,Moore,1951-04-10,M,USA,California,Home,4,No,Website,75.35890410958905,3,425828.79,1277486.3699999999,1394.21,3,0,3,0
C0473,Individual,Sharon,Price,1981-09-08,F,USA,California,Home,3,No,Agency,44.92328767123288,4,326131.91500000004,1304527.6600000001,1042.725,4,0,4,0
C0474,Individual,Gregory,Young,1995-08-12,M,USA,Nevada,Home,1,No,Website,30.98904109589041,4,240503.8225,962015.29,824.2025,4,0,3,1
C0475,Individual,William,Brooks,,M,Belgium,Wallonia,Investment,2,Yes,Agency,56.1013698630137,3,411490.0533333333,1234470.16,1371.6133333333335,3,0,1,2
C0476,Individual,Steven,Johnson,1997-05-04,M,USA,Florida,Home,3,No,Agency,29.26027397260274,4,371325.7525,1485303.01,1299.3675,4,0,3,1
C0477,Individual,Jesse,Stone,1984-01-02,M,USA,California,Investment,4,Yes,Website,42.605479452054794,3,511704.95999999996,1535114.88,1452.2633333333333,3,0,2,1
C0478,Individual,Ashley,Garcia,1940-02-08,F,USA,Ohio,Investment,4,No,Website,86.53424657534246,3,258297.59666666668,774892.79,997.4133333333333,3,0,2,1
C0479,Individual,Virginia,Wright,1978-06-04,F,USA,California,Home,2,Yes,Agency,48.18904109589041,4,293195.7325,1172782.93,956.6725,4,0,3,1
C0480,Individual,Scott,Bryant,,M,USA,California,Home,4,Yes,Website,56.1013698630137,4,258315.2575,1033261.03,827.2,4,0,4,0
C0481,Individual,Sean,Williams,1976-12-12,M,USA,Arizona,Home,3,No,Agency,49.66575342465753,4,341365.06,1365460.24,1040.8899999999999,4,0,3,1
C0482,Individual,Deborah,Brown,1980-08-10,F,USA,New York,Investment,3,Yes,Agency,46.0027397260274,3,335377.59,1006132.77,1155.4633333333334,3,0,2,1
C0483,Individual,Kevin,Jackson,1985-08-11,M,USA,Arizona,Investment,1,No,Website,40.9972602739726,3,293704.5966666667,881113.79,934.8733333333333,3,0,3,0
C0484,Individual,Janet,Wright,,F,USA,Texas,Investment,3,No,Website,56.1013698630137,4,328310.1675,1313240.67,1114.105,4,0,3,1
C0485,Individual,Julia,Morales,1991-07-10,F,USA,Arizona,Home,2,No,Website,35.082191780821915,3,333613.7266666666,1000841.1799999999,1144.8033333333333,3,0,3,0
C0486,Individual,Billy,Carter,,M,USA,California,Investment,2,Yes,Website,56.1013698630137,3,363529.22,1090587.66,1175.45,3,0,3,0
C0487,Individual,Jessica,Williams,,F,USA,Washington,Home,5,No,Website,56.1013698630137,4,394068.1775,1576272.71,1295.0975,4,0,3,1
C0488,Individual,Megan,Jackson,1979-11-05,F,USA,California,Investment,4,No,Agency,46.76712328767123,4,304566.33999999997,1218265.3599999999,990.9875000000001,4,0,3,1
C0489,Individual,Austin,Jordan,1950-08-06,M,Germany,Berlin,Investment,2,No,Website,76.03561643835616,3,341758.25666666665,1025274.77,1102.8633333333335,3,0,3,0
C0490,Individual,Emily,Wright,,F,USA,Nevada,Investment,5,Yes,Website,56.1013698630137,3,430789.31,1292367.93,1240.6066666666666,3,0,3,0
C0491,Individual,Noah,White,1941-05-08,M,USA,Washington,Home,2,No,Website,85.28767123287672,3,368793.26666666666,1106379.8,1168.3833333333334,3,0,3,0
C0492,Individual,Raymond,Price,2000-07-05,M,USA,Utah,Home,3,Yes,Website,26.087671232876712,4,325229.275,1300917.1,1008.6625,4,0,4,0
C0493,Individual,Tyler,Hughes,1954-06-07,M,USA,Colorado,Home,3,No,Website,72.1972602739726,4,328049.745,1312198.98,1141.225,4,0,3,1
C0494,Individual,Grace,Carter,1990-03-08,F,USA,California,Home,3,Yes,Website,36.42191780821918,4,263169.1625,1052676.65,911.0425,4,0,4,0
C0495,Individual,Jerry,Hall,,M,USA,California,Investment,5,No,Client,56.1013698630137,4,311685.61,1246742.44,984.9525,4,0,4,0
C0496,Individual,Billy,Reyes,1990-04-01,M,USA,California,Home,4,No,Agency,36.35616438356164,4,280094.11,1120376.44,947.7475000000001,4,0,4,0
C0497,Individual,Emma,Stewart,1985-02-02,F,USA,Arizona,Investment,4,Yes,Website,41.51780821917808,3,443561.66333333333,1330684.99,1438.2933333333333,3,0,2,1
C0498,Individual,Nancy,Collins,,F,Canada,Alberta,Home,2,Yes,Website,56.1013698630137,3,335818.43,1007455.29,1258.3999999999999,3,0,2,1
C0499,Individual,Lisa,Patterson,1946-10-02,F,USA,Colorado,Home,3,Yes,Agency,79.88219178082191,3,299256.60333333333,897769.81,863.7633333333333,3,0,2,1
C0500,Individual,Dennis,Howard,,M,USA,California,Home,4,Yes,Website,56.1013698630137,3,431648.17333333334,1294944.52,1438.2933333333333,3,0,2,1
C0501,Individual,Kenneth,Jackson,1995-12-11,M,USA,Nevada,Investment,5,Yes,Agency,30.65753424657534,4,435291.5675,1741166.27,1454.35,4,0,3,1
C0502,Individual,Madison,Gray,,F,USA,Arizona,Home,4,No,Website,56.1013698630137,4,384497.4375,1537989.75,1324.385,4,0,2,2
C0503,Individual,Keith,Peterson,,M,USA,Utah,Investment,2,Yes,Client,56.1013698630137,4,358041.835,1432167.34,1135.53,4,0,3,1
C0504,Individual,Jeffrey,Green,,M,USA,Utah,Home,2,No,Website,56.1013698630137,4,341797.145,1367188.58,1108.6075,4,0,4,0
C0505,Individual,Katherine,Wilson,,F,USA,Arizona,Home,3,No,Agency,56.1013698630137,3,347845.07,1043535.21,1125.17,3,0,3,0
C0506,Individual,Albert,Stone,1967-04-07,M,USA,California,Home,5,No,Agency,59.35616438356164,3,374067.6766666667,1122203.03,1267.4066666666668,3,0,2,1
C0507,Individual,Mark,Morales,,M,USA,New York,Home,3,No,Website,56.1013698630137,3,354218.86999999994,1062656.6099999999,1221.3833333333334,3,0,3,0
C0508,Individual,Grace,Weaver,1970-06-01,F,USA,Nevada,Home,5,No,Agency,56.202739726027396,3,277903.35333333333,833710.06,900.6166666666667,3,0,2,1
C0509,Individual,Aaron,Cook,1956-02-04,M,Belgium,Wallonia,Home,3,No,Website,70.53424657534246,4,421982.5625,1687930.25,1333.2775000000001,4,0,3,1
C0510,Individual,Samantha,Evans,,F,France,Brittany,Investment,1,Yes,Website,56.1013698630137,3,364744.2233333333,1094232.67,1243.8233333333333,3,0,3,0
C0511,Individual,Christine,Parker,,F,UK,England,Home,2,No,Website,56.1013698630137,3,363512.5333333334,1090537.6,1179.5233333333333,3,0,1,2
C0512,Individual,Hannah,Flores,,F,USA,Arizona,Home,1,No,Client,56.1013698630137,3,482719.38000000006,1448158.1400000001,1654.4733333333334,3,0,3,0
C0513,Individual,Christian,Morales,1999-07-03,M,USA,Florida,Home,2,Yes,Agency,27.095890410958905,3,324865.54333333333,974596.63,1049.5133333333333,3,0,3,0
C0514,Individual,Rebecca,Evans,,F,USA,Oregon,Home,1,Yes,Website,56.1013698630137,4,382006.885,1528027.54,1316.0375,4,0,2,2
C0515,Individual,Melissa,Patterson,1963-12-09,F,USA,California,Home,1,Yes,Website,62.68493150684932,4,390456.2325,1561824.93,1342.7925,4,0,4,0
C0516,Individual,Lawrence,Nelson,,M,USA,Utah,Home,3,No,Website,56.1013698630137,4,359459.3725,1437837.49,1196.8899999999999,4,0,3,1
C0517,Individual,Harold,Thompson,,M,USA,California,Home,5,No,Client,56.1013698630137,4,278951.75,1115807.0,939.4875,4,0,4,0
C0518,Company,Lumina,Co,,F,USA,New York,Home,3,No,Website,56.1013698630137,4,408277.9125,1633111.65,1196.9724999999999,4,0,4,0
C0519,Individual,Madison,Freeman,1975-04-10,F,USA,Arizona,Investment,3,No,Agency,51.342465753424655,3,327239.75333333336,981719.26,1108.9966666666667,3,0,3,0
C0520,Individual,Helen,White,1970-11-02,F,USA,Oregon,Home,3,Yes,Agency,55.78082191780822,3,344507.72000000003,1033523.16,1108.9966666666667,3,0,3,0
C0521,Individual,Stephanie,Allen,1967-02-04,F,Canada,British Columbia,Home,3,No,Website,59.52602739726027,4,268576.625,1074306.5,872.6800000000001,4,0,4,0
C0522,Individual,Nicole,Campbell,,F,USA,Virginia,Home,5,No,Agency,56.1013698630137,3,331007.71,993023.13,1240.6066666666666,3,0,2,1
C0523,Individual,Cynthia,Hansen,,F,USA,Colorado,Home,2,No,Agency,56.1013698630137,3,309654.31666666665,928962.95,1058.6633333333332,3,0,1,2
C0524,Individual,Harold,Thompson,,M,USA,Washington,Home,3,No,Website,56.1013698630137,3,267034.89666666667,801104.6900000001,897.3100000000001,3,0,3,0
C0525,Individual,Frank,Gray,1950-12-06,M,USA,Arizona,Home,4,Yes,Agency,75.7013698630137,4,407364.38,1629457.52,1299.3274999999999,4,0,3,1
C0526,Individual,Harold,Green,,M,Germany,Bavaria,Home,5,No,Website,56.1013698630137,3,433713.25666666665,1301139.77,1592.1233333333332,3,0,2,1
C0527,Individual,Andrew,Baker,,M,USA,California,Home,2,No,Website,56.1013698630137,3,379366.56666666665,1138099.7,1299.5366666666666,3,0,3,0
C0528,Individual,Benjamin,Davis,2000-09-08,M,USA,Washington,Investment,2,No,Client,25.90958904109589,3,372824.29000000004,1118472.87,1206.2733333333333,3,0,2,1
C0529,Individual,Paul,Jordan,,M,USA,Nevada,Home,4,Yes,Website,56.1013698630137,4,317034.7375,1268138.95,1098.1675,4,0,4,0
C0530,Individual,Patricia,Reed,1952-07-09,F,USA,Utah,Home,2,Yes,Agency,74.10958904109589,4,389781.1725,1559124.69,1246.7075,4,0,4,0
C0531,Individual,Emily,White,,F,USA,California,Home,1,No,Website,56.1013698630137,4,477825.19499999995,1911300.7799999998,1510.65,4,0,4,0
C0532,Individual,Lauren,Moore,1979-12-08,F,Belgium,Flanders,Home,2,No,Website,46.676712328767124,4,268800.6925,1075202.77,990.9875000000001,4,0,3,1
C0533,Individual,Jeffrey,Williams,1963-06-09,M,USA,Nevada,Investment,1,No,Agency,63.18630136986302,4,247507.0475,990028.19,787.46,4,0,3,1
C0534,Individual,Bryan,Miller,,M,USA,California,Investment,1,No,Agency,56.1013698630137,3,377731.73333333334,1133195.2,1371.6133333333335,3,0,2,1
C0535,Individual,Judith,Allen,,F,UK,Wales,Home,3,No,Agency,56.1013698630137,3,433017.98,1299053.94,1386.32,3,0,3,0
C0536,Individual,Brittany,Weaver,,F,USA,Arizona,Investment,5,Yes,Website,56.1013698630137,3,327702.28,983106.8400000001,1104.51,3,0,2,1
C0537,Individual,Carl,Baker,,M,USA,Florida,Home,2,No,Client,56.1013698630137,4,372581.875,1490327.5,1239.145,4,0,2,2
C0538,Individual,Richard,Pierce,,M,USA,California,Home,1,Yes,Agency,56.1013698630137,4,301724.42500000005,1206897.7000000002,1103.3225,4,0,3,1
C0539,Individual,Lawrence,Bryant,,M,USA,California,Investment,1,Yes,Agency,56.1013698630137,4,411330.3,1645321.2,1338.8999999999999,4,0,3,1
C0540,Individual,Anna,Long,,F,USA,New York,Home,3,No,Agency,56.1013698630137,3,164724.43666666668,494173.31,577.2433333333333,3,0,2,1
C0541,Individual,Anthony,Garcia,,M,UK,Northern Ireland,Home,3,No,Agency,56.1013698630137,4,430418.385,1721673.54,1296.5625,4,0,4,0
C0542,Company,Lumina,Co,,M,Mexico,Mexico City,Home,3,No,Website,56.1013698630137,4,298954.85,1195819.4,1024.3375,4,0,2,2
C0543,Individual,Joan,Parker,,F,USA,Texas,Home,2,Yes,Website,56.1013698630137,3,251048.55666666667,753145.67,862.8699999999999,3,0,2,1
C0544,Individual,Kevin,White,,M,USA,Utah,Home,2,No,Website,56.1013698630137,4,409189.07,1636756.28,1326.2525,4,0,4,0
C0545,Individual,Paul,Griffin,1942-04-08,M,USA,Colorado,Home,1,Yes,Agency,84.36986301369863,3,420042.12999999995,1260126.39,1452.2633333333333,3,0,3,0
C0546,Individual,Samuel,Flores,,M,Canada,Manitoba,Home,4,No,Client,56.1013698630137,3,265176.02,795528.06,932.37,3,0,3,0
C0547,Individual,Diane,Allen,,F,USA,California,Investment,2,No,Agency,56.1013698630137,4,294614.4875,1178457.95,1028.3225,4,0,4,0
C0548,Individual,Christopher,Foster,1980-11-04,M,USA,California,Home,2,No,Agency,45.76712328767123,3,349158.9766666666,1047476.9299999999,1186.4366666666667,3,0,2,1
C0549,Individual,Daniel,Sanders,,M,USA,Florida,Home,4,No,Website,56.1013698630137,3,313739.92,941219.76,1082.75,3,0,3,0
C0550,Company,Vertex,Co,1967-09-04,F,USA,Nevada,Home,1,No,Agency,58.945205479452056,4,353642.0225,1414568.09,1123.6174999999998,4,0,4,0
C0551,Individual,Billy,Freeman,,M,USA,California,Investment,4,No,Website,56.1013698630137,3,335799.1866666667,1007397.56,1110.6233333333332,3,0,3,0
C0552,Individual,Kyle,Cook,,M,USA,Virginia,Investment,3,No,Agency,56.1013698630137,3,380492.1866666667,1141476.56,1196.1733333333334,3,0,2,1
C0553,Individual,James,Bell,,M,USA,Arizona,Home,3,No,Website,56.1013698630137,3,273844.98000000004,821534.9400000001,897.3100000000001,3,0,2,1
C0554,Individual,Carl,Moore,,M,Australia,Victoria,Home,1,Yes,Agency,56.1013698630137,4,410898.2125,1643592.85,1295.2649999999999,4,0,3,1
C0555,Individual,Aaron,Nelson,,M,USA,California,Investment,4,Yes,Agency,56.1013698630137,3,354844.42333333334,1064533.27,1162.6166666666666,3,0,2,1
C0556,Individual,Zachary,Sanders,,M,USA,Colorado,Home,5,No,Website,56.1013698630137,3,445159.3933333333,1335478.18,1526.9566666666667,3,0,2,1
C0557,Individual,Judy,Griffin,,F,USA,Utah,Investment,2,No,Website,56.1013698630137,3,244387.32666666666,733161.98,791.0400000000001,3,0,3,0
C0558,Individual,Cheryl,Wood,,F,Denmark,North Denmark,Home,3,No,Website,56.1013698630137,3,344665.32,1033995.96,1092.54,3,0,3,0
C0559,Company,Corvus,Co,,M,USA,California,Home,5,No,Client,56.1013698630137,4,251007.2175,1004028.87,786.87,4,0,3,1
C0560,Individual,Janice,Nelson,,F,Australia,South Australia,Home,3,No,Website,56.1013698630137,3,477906.04000000004,1433718.12,1500.72,3,0,2,1
C0561,Company,Bravada,Co,,F,USA,Arizona,Investment,3,No,Website,56.1013698630137,4,397313.1075,1589252.43,1298.145,4,0,4,0
C0562,Individual,Judy,Peterson,,F,USA,Utah,Investment,5,Yes,Website,56.1013698630137,4,355918.93000000005,1423675.7200000002,1154.105,4,0,4,0
C0563,Individual,William,Howard,,M,USA,California,Home,2,Yes,Agency,56.1013698630137,4,253201.98249999998,1012807.9299999999,842.75,4,0,3,1
C0564,Individual,Scott,Adams,1952-02-09,M,USA,Texas,Home,1,No,Agency,74.52328767123288,3,378339.2,1135017.6,1250.3066666666666,3,0,3,0
C0565,Individual,Austin,Wood,,M,France,Brittany,Home,1,No,Website,56.1013698630137,3,347831.44,1043494.3200000001,1167.2766666666666,3,0,3,0
C0566,Individual,Janice,Miller,2000-09-12,F,USA,Oregon,Investment,4,Yes,Agency,25.898630136986302,4,291925.475,1167701.9,965.295,4,0,4,0
C0567,Individual,Megan,Chavez,1953-07-10,F,Russia,Saint Petersburg,Investment,2,Yes,Agency,73.10684931506849,4,467321.525,1869286.1,1546.3875,4,0,3,1
C0568,Individual,Timothy,Wright,1953-04-09,M,USA,California,Home,3,No,Website,73.35890410958905,3,314778.62666666665,944335.88,1015.9399999999999,3,0,1,2
C0569,Individual,Mary,Cook,1971-05-12,F,USA,California,Home,5,Yes,Client,55.25753424657534,3,461583.10000000003,1384749.3,1460.493333333333,3,0,3,0
C0570,Individual,Hannah,Peterson,1965-03-06,F,France,Occitanie,Home,5,Yes,Website,61.443835616438356,4,381802.6175,1527210.47,1310.8225,4,0,4,0
C0571,Individual,Adam,Chavez,1966-03-07,M,USA,California,Home,3,No,Website,60.441095890410956,4,387492.3725,1549969.49,1458.93,4,0,3,1
C0572,Individual,Ann,Johnson,1993-12-11,F,USA,California,Investment,5,No,Website,32.657534246575345,4,379919.36,1519677.44,1228.8325,4,0,4,0
C0573,Company,Altira,Co,,M,USA,Georgia,Home,4,Yes,Agency,56.1013698630137,3,261947.58666666667,785842.76,849.7466666666668,3,0,3,0
C0574,Individual,Gerald,Cox,,M,USA,California,Home,2,No,Agency,56.1013698630137,4,315476.58,1261906.32,1052.2475,4,0,3,1
C0575,Individual,Brian,Hansen,,M,USA,California,Investment,2,No,Website,56.1013698630137,3,339463.75666666665,1018391.27,1107.81,3,0,2,1
C0576,Individual,Terry,Reyes,,M,Germany,Hamburg,Home,1,No,Client,56.1013698630137,3,349135.5966666667,1047406.79,1082.8966666666668,3,0,3,0
C0577,Individual,Christopher,Miller,,M,USA,Arizona,Home,3,No,Website,56.1013698630137,3,231299.66999999995,693899.0099999999,879.3433333333332,3,0,3,0
C0578,Individual,Lauren,Rogers,,F,USA,Arizona,Home,5,Yes,Client,56.1013698630137,3,235758.84333333335,707276.53,899.7566666666667,3,0,3,0
C0579,Individual,Christopher,Ward,1941-04-09,M,USA,Texas,Investment,3,No,Website,85.36712328767123,3,399476.2133333334,1198428.6400000001,1299.5366666666666,3,0,3,0
C0580,Individual,Heather,Watson,1948-01-11,F,USA,California,Home,2,Yes,Client,78.6054794520548,4,539738.6950000001,2158954.7800000003,1726.0575,4,0,4,0
C0581,Individual,Kimberly,Stewart,,F,USA,California,Investment,5,Yes,Website,56.1013698630137,4,257438.89,1029755.56,801.065,4,0,3,1
C0582,Individual,Teresa,Pierce,1940-10-02,F,USA,Washington,Investment,3,Yes,Website,85.88493150684931,3,236186.3833333333,708559.1499999999,791.0400000000001,3,0,2,1
C0583,Individual,Kevin,Scott,,M,USA,California,Home,2,No,Agency,56.1013698630137,4,309307.045,1237228.18,996.7025,4,0,4,0
C0584,Individual,Janice,Taylor,1982-03-11,F,USA,California,Home,5,No,Website,44.41917808219178,3,378563.87333333335,1135691.62,1350.9733333333334,3,0,3,0
C0585,Individual,Anthony,Edwards,1961-07-02,M,USA,Colorado,Home,3,No,Agency,65.12328767123287,4,250922.54499999998,1003690.1799999999,886.4275,4,0,3,1
C0586,Individual,Noah,Morales,,M,USA,California,Home,2,Yes,Client,56.1013698630137,3,408841.4366666667,1226524.31,1286.4266666666667,3,0,3,0
C0587,Individual,Pamela,Richardson,,F,USA,New York,Home,4,No,Website,56.1013698630137,4,273359.95999999996,1093439.8399999999,911.785,4,0,4,0
C0588,Individual,Janice,White,,F,USA,Florida,Home,2,No,Website,56.1013698630137,4,373994.03500000003,1495976.1400000001,1271.345,4,0,4,0
C0589,Individual,Christopher,Williams,,M,USA,Texas,Investment,5,No,Client,56.1013698630137,4,495561.555,1982246.22,1699.3675,4,0,3,1
C0590,Individual,Arthur,Campbell,,M,UK,Scotland,Investment,2,No,Website,56.1013698630137,4,276347.22250000003,1105388.8900000001,935.765,4,0,4,0
C0591,Individual,Dorothy,Long,1968-03-09,F,USA,Nevada,Home,1,No,Website,58.43287671232877,3,445405.8833333333,1336217.65,1460.493333333333,3,0,3,0
C0592,Individual,Roger,Moore,1972-06-03,M,USA,Arizona,Investment,2,No,Client,54.1945205479452,3,262505.5266666667,787516.58,851.4266666666667,3,0,3,0
C0593,Individual,Elizabeth,Carter,1952-08-08,F,USA,California,Home,2,Yes,Agency,74.02739726027397,4,503015.845,2012063.38,1575.1075,4,0,4,0
C0594,Individual,Diane,Patterson,1942-02-08,F,USA,Utah,Home,1,No,Agency,84.53150684931506,3,379190.9566666667,1137572.87,1221.6766666666665,3,0,3,0
C0595,Individual,Anna,Murray,1966-06-10,F,USA,Utah,Home,3,No,Agency,60.18082191780822,3,304768.3233333333,914304.97,934.4333333333334,3,0,2,1
C0596,Individual,Gerald,Phillips,,M,USA,Nevada,Home,4,No,Agency,56.1013698630137,4,273692.8725,1094771.49,1023.9675,4,0,3,1
C0597,Individual,Peter,King,,M,UK,Northern Ireland,Home,2,Yes,Website,56.1013698630137,3,325614.7233333333,976844.1699999999,1033.6200000000001,3,0,3,0
C0598,Individual,Jacob,Gray,,M,USA,Colorado,Investment,4,No,Website,56.1013698630137,4,349732.67500000005,1398930.7000000002,1135.53,4,0,4,0
C0599,Individual,Jennifer,Turner,,F,Canada,Alberta,Home,2,No,Agency,56.1013698630137,3,387605.26,1162815.78,1354.0866666666668,3,0,3,0
C0600,Individual,Thomas,King,,M,USA,Oregon,Investment,1,No,Client,56.1013698630137,3,305903.2033333333,917709.61,1042.71,3,0,3,0
C0601,Individual,Lisa,Nelson,,F,USA,California,Home,4,No,Website,56.1013698630137,4,425102.93,1700411.72,1307.3,4,0,4,0
C0602,Individual,Albert,Hayes,,M,Germany,Bavaria,Home,4,No,Agency,56.1013698630137,4,226377.205,905508.82,748.33,4,0,3,1
C0603,Individual,Diane,Thompson,1994-07-01,F,USA,New York,Home,4,Yes,Agency,32.104109589041094,4,304523.825,1218095.3,1027.81,4,0,4,0
C0604,Individual,Danielle,Montgomery,,F,Belgium,Wallonia,Home,1,No,Agency,56.1013698630137,3,263711.01,791133.03,919.0466666666666,3,0,2,1
C0605,Individual,Nathan,Flores,,M,USA,Utah,Home,4,Yes,Agency,56.1013698630137,4,351828.5825,1407314.33,1267.07,4,0,3,1
C0606,Individual,Carolyn,Stone,,F,France,Ile-de-France,Investment,1,No,Website,56.1013698630137,3,356989.8433333333,1070969.53,1146.2633333333333,3,0,3,0
C0607,Individual,Daniel,Edwards,,M,USA,California,Home,1,No,Agency,56.1013698630137,3,375076.7066666666,1125230.1199999999,1371.6133333333335,3,0,3,0
C0608,Individual,Jerry,Adams,,M,USA,California,Home,4,No,Agency,56.1013698630137,4,300352.89,1201411.56,1018.5225,4,0,3,1
C0609,Individual,Julia,Richardson,,F,USA,Washington,Home,4,No,Agency,56.1013698630137,4,326891.91,1307567.64,1255.1325000000002,4,0,4,0
C0610,Individual,Ann,Owens,1970-10-05,F,USA,California,Investment,4,No,Website,55.85753424657534,3,392865.8933333333,1178597.68,1339.73,3,0,3,0
C0611,Individual,Jacob,Price,1950-06-12,M,USA,California,Home,4,No,Agency,76.18630136986302,4,285667.985,1142671.94,997.415,4,0,4,0
C0612,Individual,Kevin,Wood,,M,USA,Florida,Home,4,No,Agency,56.1013698630137,4,417961.575,1671846.3,1389.15,4,0,4,0
C0613,Individual,Cynthia,Cox,1995-02-10,F,Australia,Victoria,Home,4,No,Agency,31.49041095890411,3,395339.84,1186019.52,1366.5633333333335,3,0,3,0
C0614,Individual,George,Bryant,1972-07-01,M,UK,Wales,Home,3,Yes,Website,54.11780821917808,4,256489.595,1025958.38,858.9825,4,0,3,1
C0615,Individual,Jordan,King,1957-12-01,M,USA,Utah,Home,2,Yes,Website,68.7095890410959,4,229750.5025,919002.01,748.33,4,0,4,0
C0616,Individual,Julie,Brooks,,F,USA,Virginia,Investment,1,Yes,Agency,56.1013698630137,3,337788.10000000003,1013364.3,1074.6233333333332,3,0,2,1
C0617,Individual,Carolyn,Evans,1986-07-10,F,USA,Ohio,Home,5,Yes,Website,40.084931506849315,3,255620.40333333332,766861.21,849.6366666666667,3,0,3,0
C0618,Individual,Austin,Taylor,1968-11-05,M,USA,Texas,Home,3,No,Agency,57.772602739726025,3,327601.0,982803.0,1113.29,3,0,2,1
C0619,Individual,Heather,Morales,,F,USA,Washington,Home,4,No,Website,56.1013698630137,3,470659.13666666666,1411977.41,1471.8999999999999,3,0,1,2
C0620,Individual,Sarah,Howard,,F,France,Brittany,Home,3,No,Website,56.1013698630137,3,510809.76333333337,1532429.29,1504.28,3,0,2,1
C0621,Individual,Jonathan,Turner,,M,Germany,Bavaria,Investment,3,Yes,Agency,56.1013698630137,3,263869.7033333333,791609.11,869.7866666666667,3,0,3,0
C0622,Individual,Katherine,Ward,1987-09-10,F,USA,Washington,Investment,2,No,Client,38.915068493150685,3,289778.24333333335,869334.73,980.8699999999999,3,0,3,0
C0623,Individual,Jonathan,Adams,,M,USA,Florida,Investment,3,Yes,Client,56.1013698630137,4,352583.3625,1410333.45,1146.02,4,0,3,1
C0624,Individual,Carl,Jordan,2000-02-09,M,USA,Nevada,Investment,3,No,Agency,26.49041095890411,3,405203.8466666667,1215611.54,1413.8666666666668,3,0,3,0
C0625,Individual,Deborah,Hayes,1983-08-07,F,Belgium,Flanders,Investment,2,Yes,Agency,43.010958904109586,4,250041.72,1000166.88,851.0225,4,0,3,1
C0626,Individual,Sara,Jones,,F,Germany,Hamburg,Investment,2,No,Website,56.1013698630137,3,353898.0433333334,1061694.1300000001,1244.5566666666666,3,0,3,0
C0627,Individual,Katherine,Johnson,2000-07-11,F,USA,Arizona,Home,3,No,Agency,26.07123287671233,4,467701.605,1870806.42,1726.0575,4,0,2,2
C0628,Individual,Arthur,Campbell,,M,Canada,British Columbia,Home,3,Yes,Agency,56.1013698630137,4,405777.4075,1623109.63,1250.39,4,0,3,1
C0629,Individual,Maria,Richardson,1946-09-07,F,USA,California,Investment,2,No,Agency,79.95068493150686,3,320573.92333333334,961721.77,1129.1766666666665,3,0,3,0
C0630,Individual,Stephen,Roberts,,M,USA,California,Home,2,No,Website,56.1013698630137,4,327019.40249999997,1308077.6099999999,1075.5049999999999,4,0,3,1
C0631,Individual,Dorothy,Flores,1966-11-12,F,USA,California,Home,5,No,Website,59.75616438356165,4,383722.805,1534891.22,1227.645,4,0,3,1
C0632,Individual,Thomas,Nelson,,M,UK,Northern Ireland,Home,4,No,Website,56.1013698630137,4,286711.495,1146845.98,947.7475,4,0,4,0
C0633,Individual,Ann,Owens,1941-12-05,F,USA,Nevada,Home,3,No,Agency,84.7095890410959,4,301879.065,1207516.26,928.745,4,0,4,0
C0634,Individual,Justin,Ward,,M,USA,Washington,Investment,4,Yes,Website,56.1013698630137,3,393897.87666666665,1181693.63,1393.1066666666666,3,0,2,1
C0635,Individual,Kimberly,King,,F,UK,Scotland,Investment,5,No,Website,56.1013698630137,3,458566.6766666667,1375700.03,1460.493333333333,3,0,1,2
C0636,Individual,Kathleen,Rogers,1980-10-11,F,France,Brittany,Home,5,No,Website,45.83287671232877,4,245452.52000000002,981810.0800000001,827.3575000000001,4,0,4,0
C0637,Individual,Catherine,Stone,,F,USA,California,Home,2,No,Website,56.1013698630137,4,400619.5175,1602478.07,1296.5625,4,0,4,0
C0638,Individual,Jason,King,1975-04-02,M,USA,Ohio,Home,5,Yes,Website,51.364383561643834,4,336761.355,1347045.42,1204.4975,4,0,3,1
C0639,Individual,Mark,Campbell,1961-03-03,M,UK,Scotland,Home,3,Yes,Website,65.45479452054795,3,287223.5733333333,861670.72,1008.1300000000001,3,0,3,0
C0640,Individual,Emily,Thompson,1967-01-03,F,USA,Utah,Home,3,No,Agency,59.61369863013699,3,257650.05666666664,772950.1699999999,915.6366666666667,3,0,3,0
C0641,Company,Zynex,Co,,M,USA,Arizona,Home,2,No,Agency,56.1013698630137,3,405737.75333333336,1217213.26,1240.6066666666666,3,0,3,0
C0642,Individual,Julia,Reyes,,F,USA,California,Home,4,No,Website,56.1013698630137,3,342380.2033333333,1027140.61,1161.5433333333333,3,0,3,0
C0643,Individual,Samantha,Richardson,1974-05-05,F,USA,California,Home,5,No,Website,52.273972602739725,3,309548.33666666667,928645.01,1016.5033333333334,3,0,3,0
C0644,Individual,Teresa,Johnson,,F,USA,California,Home,4,Yes,Agency,56.1013698630137,3,516541.41,1549624.23,1630.1366666666665,3,0,2,1
C0645,Individual,Arthur,Cox,,M,USA,Nevada,Home,2,No,Client,56.1013698630137,3,243817.84333333335,731453.53,862.11,3,0,3,0
C0646,Individual,Cynthia,Campbell,,F,USA,Arizona,Investment,5,No,Agency,56.1013698630137,3,441770.61000000004,1325311.83,1464.0166666666667,3,0,3,0
C0647,Individual,Victoria,Green,1946-06-02,F,USA,California,Home,4,No,Agency,80.21643835616439,4,528880.105,2115520.42,1676.3825,4,0,3,1
C0648,Individual,Stephanie,Reed,1999-02-03,F,USA,California,Home,1,Yes,Website,27.506849315068493,4,285746.345,1142985.38,984.6475,4,0,4,0
C0649,Individual,Patricia,Mitchell,1995-01-03,F,USA,California,Home,4,No,Agency,31.594520547945205,4,350362.1275,1401448.51,1136.6925,4,0,0,4
C0650,Company,Polaris,Co,,M,France,Occitanie,Home,3,Yes,Client,56.1013698630137,3,266580.75333333336,799742.26,932.37,3,0,3,0
C0651,Company,Horizon,Co,,M,USA,Washington,Home,1,No,Agency,56.1013698630137,4,269273.6825,1077094.73,948.7574999999999,4,0,4,0
C0652,Individual,Heather,Johnson,1993-08-12,F,USA,Washington,Home,2,No,Website,32.989041095890414,3,301385.74,904157.22,985.5433333333334,3,0,3,0
C0653,Individual,Gerald,Adams,,M,USA,Ohio,Home,2,No,Client,56.1013698630137,4,303885.7875,1215543.15,1053.27,4,0,3,1
C0654,Individual,Eric,Griffin,1960-07-05,M,USA,New York,Home,2,Yes,Website,66.11506849315069,3,288431.2966666667,865293.89,1015.9399999999999,3,0,2,1
C0655,Individual,Patricia,King,,F,USA,Nevada,Home,1,Yes,Agency,56.1013698630137,3,357254.4066666667,1071763.22,1138.4233333333334,3,0,3,0
C0656,Individual,Amber,Allen,1977-08-02,F,USA,Colorado,Home,5,No,Client,49.02739726027397,4,322095.845,1288383.38,1190.4075,4,0,3,1
C0657,Individual,Alexander,Allen,,M,USA,California,Home,2,No,Agency,56.1013698630137,3,419370.43999999994,1258111.3199999998,1338.1466666666668,3,0,3,0
C0658,Individual,Kelly,Green,,F,USA,Virginia,Home,3,Yes,Agency,56.1013698630137,3,374007.0933333333,1122021.28,1271.67,3,0,2,1
C0659,Individual,Sara,Foster,1988-06-10,F,USA,California,Home,4,Yes,Agency,38.16438356164384,4,250137.715,1000550.86,832.615,4,0,3,1
C0660,Individual,Charles,Kim,1991-10-08,M,USA,Arizona,Home,4,Yes,Client,34.83561643835616,3,382769.45,1148308.35,1337.0533333333333,3,0,3,0
C0661,Individual,Deborah,Williams,,F,Canada,Manitoba,Home,3,No,Website,56.1013698630137,4,406928.26249999995,1627713.0499999998,1299.3274999999999,4,0,4,0
C0662,Individual,Stephanie,Kim,,F,USA,California,Investment,3,No,Website,56.1013698630137,4,380059.9925,1520239.97,1175.235,4,0,4,0
C0663,Individual,Anthony,Flores,1958-02-02,M,USA,California,Home,2,Yes,Agency,68.53698630136986,4,386078.335,1544313.34,1234.8075,4,0,4,0
C0664,Individual,Lawrence,Wood,,M,Canada,Alberta,Investment,5,Yes,Website,56.1013698630137,4,265756.1425,1063024.57,897.47,4,0,3,1
C0665,Individual,Robert,Adams,,M,USA,Colorado,Investment,1,No,Agency,56.1013698630137,3,234962.00666666668,704886.02,765.68,3,0,3,0
C0666,Individual,Maria,Davis,1948-09-10,F,USA,California,Investment,1,No,Website,77.93972602739726,4,383018.5675,1532074.27,1271.345,4,0,2,2
C0667,Individual,Anthony,Mitchell,1966-07-07,M,USA,Arizona,Investment,2,No,Agency,60.106849315068494,4,371640.015,1486560.06,1295.2649999999999,4,0,4,0
C0668,Individual,Margaret,Peterson,,F,France,Ile-de-France,Investment,4,Yes,Website,56.1013698630137,4,246793.7525,987175.01,824.2025,4,0,4,0
C0669,Individual,Cheryl,Bell,,F,Canada,British Columbia,Home,3,No,Agency,56.1013698630137,3,455511.16333333333,1366533.49,1599.3433333333332,3,0,2,1
C0670,Company,Altira,Co,,M,USA,Nevada,Investment,4,No,Website,56.1013698630137,3,543991.1833333332,1631973.5499999998,1800.45,3,0,3,0
C0671,Individual,Jerry,Pierce,1941-09-12,M,USA,Colorado,Home,4,Yes,Client,84.93972602739726,3,253226.04,759678.12,849.6366666666667,3,0,3,0
C0672,Individual,Amber,Williams,1967-10-03,F,USA,California,Home,2,No,Website,58.865753424657534,3,433989.35000000003,1301968.05,1452.2633333333333,3,0,2,1
C0673,Individual,Janice,Hayes,,F,USA,California,Home,4,No,Website,56.1013698630137,3,290167.96666666673,870503.9000000001,1012.96,3,0,3,0
C0674,Individual,Judy,Turner,,F,USA,California,Investment,4,No,Website,56.1013698630137,4,433359.63,1733438.52,1365.9450000000002,4,0,4,0
C0675,Individual,Andrea,Wright,,F,USA,Texas,Home,5,No,Website,56.1013698630137,3,372386.38999999996,1117159.17,1113.29,3,0,2,1
C0676,Individual,Lisa,Davis,1942-12-06,F,USA,Nevada,Home,2,No,Agency,83.7068493150685,3,340798.6766666667,1022396.03,989.0566666666667,3,0,2,1
C0677,Individual,Jerry,Miller,1981-02-09,M,USA,Arizona,Investment,2,No,Agency,45.5013698630137,4,304253.77749999997,1217015.1099999999,1024.3375,4,0,3,1
C0678,Individual,Joseph,Watson,,M,USA,California,Home,4,Yes,Website,56.1013698630137,3,301350.29,904050.87,897.3100000000001,3,0,1,2
C0679,Individual,Lisa,Patterson,1964-02-12,F,USA,Nevada,Home,1,No,Agency,62.50684931506849,4,486342.92000000004,1945371.6800000002,1726.0575,4,0,3,1
C0680,Individual,Andrew,Griffin,,M,USA,Utah,Investment,2,No,Agency,56.1013698630137,4,383431.9275,1533727.71,1333.2775,4,0,4,0
C0681,Company,Helios,Co,,F,USA,California,Home,3,No,Agency,56.1013698630137,4,184174.2425,736696.97,658.8625,4,0,4,0
C0682,Individual,Donald,Bennett,1973-12-06,M,USA,California,Home,5,No,Website,52.68493150684932,4,359001.555,1436006.22,1214.5625,4,0,4,0
C0683,Individual,Patrick,Jordan,,M,USA,Colorado,Home,2,Yes,Agency,56.1013698630137,3,405521.8433333333,1216565.53,1463.22,3,0,3,0
C0684,Individual,Donald,Miller,1985-05-10,M,USA,California,Home,1,No,Agency,41.25205479452055,4,350656.3625,1402625.45,1120.62,4,0,3,1
C0685,Individual,Sharon,Hansen,,F,USA,Washington,Home,5,No,Agency,56.1013698630137,3,376611.6866666667,1129835.06,1228.5033333333333,3,0,2,1
C0686,Individual,Michael,Howard,,M,USA,California,Home,1,Yes,Website,56.1013698630137,3,416722.11000000004,1250166.33,1369.7300000000002,3,0,3,0
C0687,Individual,Susan,Long,1959-03-01,F,USA,Utah,Home,3,Yes,Website,67.46301369863014,4,383151.0,1532604.0,1210.7375000000002,4,0,3,1
C0688,Individual,Kathleen,Howard,1968-04-12,F,USA,Colorado,Investment,5,Yes,Website,58.33972602739726,4,273440.605,1093762.42,868.5725,4,0,3,1
C0689,Individual,Ann,Williams,,F,USA,California,Home,4,No,Website,56.1013698630137,3,350419.79000000004,1051259.37,1186.05,3,0,2,1
C0690,Individual,Janet,Stewart,1985-09-09,F,USA,Oregon,Home,4,Yes,Agency,40.917808219178085,4,350505.81,1402023.24,1150.3275,4,0,3,1
C0691,Individual,Kenneth,Bell,,M,USA,California,Investment,4,No,Agency,56.1013698630137,4,237138.2225,948552.89,816.16,4,0,4,0
C0692,Individual,Adam,Roberts,,M,USA,Georgia,Investment,3,No,Agency,56.1013698630137,4,301646.4675,1206585.87,1011.5875,4,0,4,0
C0693,Individual,Jesse,Chavez,,M,USA,California,Investment,5,Yes,Agency,56.1013698630137,4,457875.73,1831502.92,1498.6825,4,0,3,1
C0694,Company,Sterling,Co,,M,UK,Scotland,Investment,2,No,Website,56.1013698630137,4,321941.7675,1287767.07,1063.04,4,0,3,1
C0695,Individual,Timothy,Rogers,,M,USA,Washington,Home,4,No,Website,56.1013698630137,3,290150.55,870451.65,934.8733333333333,3,0,2,1
C0696,Individual,Carol,Green,1994-06-03,F,USA,Washington,Investment,5,Yes,Agency,32.18082191780822,4,354256.3725,1417025.49,1246.6175,4,0,3,1
C0697,Individual,Bryan,Mitchell,1986-01-11,M,USA,California,Investment,4,Yes,Agency,40.57808219178082,4,300892.8,1203571.2,1036.6525,4,0,4,0
C0698,Individual,Maria,Scott,,F,USA,California,Home,2,Yes,Website,56.1013698630137,4,390158.8775,1560635.51,1286.9575,4,0,3,1
C0699,Individual,Stephen,Bennett,,M,USA,Washington,Home,1,Yes,Agency,56.1013698630137,3,430815.05,1292445.15,1357.1933333333334,3,0,3,0
C0700,Individual,Christine,Sanders,,F,USA,Washington,Home,5,No,Website,56.1013698630137,3,241484.56666666665,724453.7,851.4266666666667,3,0,3,0
C0701,Individual,Danielle,Peterson,,F,UK,England,Investment,1,No,Website,56.1013698630137,4,329634.44,1318537.76,1050.5725,4,0,4,0
C0702,Individual,Nicholas,Flores,,M,USA,Arizona,Home,5,No,Agency,56.1013698630137,3,405007.3333333333,1215022.0,1303.7766666666666,3,0,3,0
C0703,Company,Elara,Co,,M,USA,Colorado,Home,3,No,Website,56.1013698630137,3,312691.19,938073.5700000001,1023.8800000000001,3,0,3,0
C0704,Individual,Nicole,Jordan,,F,USA,Georgia,Home,4,No,Agency,56.1013698630137,3,376926.2866666667,1130778.86,1194.9266666666665,3,0,2,1
C0705,Individual,Timothy,Murray,,M,USA,Nevada,Home,3,No,Website,56.1013698630137,3,547794.5566666666,1643383.67,1680.5266666666666,3,0,3,0
C0706,Individual,Kyle,Thomas,,M,UK,England,Investment,2,No,Client,56.1013698630137,3,344984.94666666666,1034954.84,1162.6166666666666,3,0,3,0
C0707,Individual,Zachary,Richardson,,M,USA,Virginia,Home,5,Yes,Website,56.1013698630137,4,292813.805,1171255.22,956.935,4,0,3,1
C0708,Individual,Brian,Cook,,M,USA,California,Home,2,No,Client,56.1013698630137,3,513113.6233333333,1539340.8699999999,1523.6933333333334,3,0,1,2
C0709,Individual,Samantha,Price,1982-06-11,F,USA,Georgia,Home,2,Yes,Agency,44.16712328767123,4,308490.13,1233960.52,1009.23,4,0,4,0
C0710,Individual,Kyle,Bryant,,M,USA,Oregon,Home,2,Yes,Agency,56.1013698630137,4,289500.33999999997,1158001.3599999999,939.3575,4,0,4,0
C0711,Individual,Victoria,Hughes,,F,USA,California,Investment,3,No,Agency,56.1013698630137,4,261414.635,1045658.54,905.7525,4,0,3,1
C0712,Individual,Joseph,Scott,,M,USA,California,Home,1,No,Agency,56.1013698630137,3,233896.10333333336,701688.31,842.68,3,0,2,1
C0713,Individual,Debra,Thomas,,F,USA,California,Investment,3,No,Agency,56.1013698630137,3,315512.58,946537.74,1125.17,3,0,3,0
C0714,Individual,Kyle,Murray,1977-03-01,M,Russia,Saint Petersburg,Home,3,No,Website,49.44931506849315,3,506739.3933333333,1520218.18,1680.5266666666666,3,0,1,2
C0715,Individual,Janice,Wilson,1982-05-08,F,USA,Utah,Home,3,No,Website,44.26027397260274,3,383790.9166666667,1151372.75,1340.7666666666667,3,0,2,1
C0716,Individual,Jordan,Davis,,M,UK,Northern Ireland,Home,1,No,Client,56.1013698630137,3,391081.91333333333,1173245.74,1334.1000000000001,3,0,2,1
C0717,Individual,Virginia,Weaver,1946-09-06,F,USA,Arizona,Investment,3,Yes,Agency,79.95342465753424,3,333509.88999999996,1000529.6699999999,1156.5633333333333,3,0,2,1
C0718,Individual,Martha,Scott,1944-08-10,F,France,Ile-de-France,Home,2,Yes,Website,82.02739726027397,3,300052.63666666666,900157.9099999999,1123.8033333333333,3,0,2,1
C0719,Individual,Jason,Jordan,1974-02-07,M,USA,California,Investment,2,Yes,Agency,52.512328767123286,3,304305.59,912916.77,1023.8800000000001,3,0,3,0
C0720,Individual,Shirley,Wilson,,F,USA,California,Investment,1,Yes,Agency,56.1013698630137,4,211079.1725,844316.69,678.3725,4,0,2,2
C0721,Individual,Julia,Jordan,1999-07-03,F,USA,Florida,Home,4,No,Website,27.095890410958905,4,291803.005,1167212.02,939.4875,4,0,3,1
C0722,Individual,Carol,Sanders,1943-11-09,F,USA,Texas,Home,1,No,Website,82.78082191780823,3,312034.68333333335,936104.05,1033.4833333333333,3,0,3,0
C0723,Individual,Ann,Hansen,,F,Germany,North Rhine-Westphalia,Home,3,Yes,Website,56.1013698630137,3,518014.5966666667,1554043.79,1671.7666666666667,3,0,3,0
C0724,Individual,Samuel,Howard,,M,USA,Arizona,Investment,4,Yes,Agency,56.1013698630137,4,391198.82,1564795.28,1255.1325000000002,4,0,3,1
C0725,Individual,Katherine,Jones,1983-03-07,F,USA,New York,Home,3,No,Website,43.43013698630137,3,519259.8433333333,1557779.53,1733.68,3,0,3,0
C0726,Individual,Melissa,Harris,,F,USA,Georgia,Home,4,No,Website,56.1013698630137,4,263851.5425,1055406.17,901.245,4,0,3,1
C0727,Individual,Ronald,Bell,,M,USA,California,Investment,3,Yes,Client,56.1013698630137,4,481054.5625,1924218.25,1425.7675,4,0,4,0
C0728,Individual,Jason,Jones,,M,USA,California,Home,3,Yes,Agency,56.1013698630137,3,298682.14333333337,896046.43,934.8733333333333,3,0,2,1
C0729,Individual,Raymond,Long,1944-04-01,M,USA,Washington,Investment,3,Yes,Agency,82.38630136986302,3,366859.4733333333,1100578.42,1280.28,3,0,2,1
C0730,Individual,Gregory,Baker,1988-09-05,M,USA,California,Investment,4,No,Website,37.92602739726028,3,465153.51333333337,1395460.54,1435.6633333333332,3,0,3,0
C0731,Individual,Larry,Harris,,M,USA,California,Home,5,No,Agency,56.1013698630137,4,540968.3375,2163873.35,1699.3675,4,0,4,0
C0732,Individual,Justin,Peterson,1985-03-03,M,USA,Oregon,Home,5,No,Website,41.43835616438356,4,440900.6175,1763602.47,1454.35,4,0,4,0
C0733,Individual,Susan,White,1976-03-01,F,USA,Nevada,Home,5,No,Agency,50.44931506849315,3,536826.7000000001,1610480.1,1609.0333333333335,3,0,2,1
C0734,Individual,Danielle,Ward,,F,USA,Virginia,Investment,5,Yes,Client,56.1013698630137,3,298191.0733333333,894573.22,1077.3333333333333,3,0,1,2
C0735,Individual,Matthew,Long,1994-10-08,M,Germany,Hesse,Investment,4,No,Website,31.832876712328765,3,360890.17,1082670.51,1129.1766666666665,3,0,1,2
C0736,Individual,Jordan,Campbell,,M,USA,Utah,Investment,3,No,Agency,56.1013698630137,3,320553.48333333334,961660.45,1049.5133333333333,3,0,3,0
C0737,Individual,Harold,Harris,,M,USA,California,Investment,3,No,Agency,56.1013698630137,3,423765.13999999996,1271295.42,1435.6633333333332,3,0,3,0
C0738,Individual,Jose,White,,M,USA,Texas,Home,5,No,Website,56.1013698630137,4,304294.8725,1217179.49,955.7625,4,0,4,0
C0739,Individual,Albert,Turner,,M,USA,California,Home,2,No,Agency,56.1013698630137,4,309978.87,1239915.48,1096.12,4,0,3,1
C0740,Individual,Julia,Bell,1966-08-12,F,USA,Utah,Investment,1,No,Client,60.00821917808219,3,383361.5733333333,1150084.72,1176.2366666666667,3,0,2,1
C0741,Individual,Sandra,Stone,1962-11-08,F,USA,California,Home,2,No,Website,63.76986301369863,3,269366.76666666666,808100.3,952.0733333333334,3,0,2,1
C0742,Individual,Bryan,Howard,,M,UK,Wales,Home,1,Yes,Website,56.1013698630137,3,314360.80666666664,943082.4199999999,1078.7866666666666,3,0,2,1
C0743,Individual,Joshua,Allen,1972-10-09,M,USA,Oregon,Investment,4,Yes,Website,53.843835616438355,3,324569.10333333333,973707.31,1145.4666666666665,3,0,3,0
C0744,Individual,Helen,Morales,1950-10-11,F,USA,Virginia,Home,1,No,Website,75.85479452054794,3,315797.89999999997,947393.7,939.3299999999999,3,0,2,1
C0745,Individual,Emily,Collins,,F,USA,California,Investment,5,No,Website,56.1013698630137,4,284306.53,1137226.12,940.485,4,0,4,0
C0746,Individual,Gary,Reyes,,M,UK,Scotland,Home,4,No,Website,56.1013698630137,4,371260.3625,1485041.45,1120.62,4,0,3,1
C0747,Individual,George,Patterson,,M,USA,Florida,Home,4,Yes,Website,56.1013698630137,3,440380.7833333334,1321142.35,1435.6633333333332,3,0,2,1
C0748,Company,Vantage,Co,1974-05-03,F,USA,California,Home,1,Yes,Client,52.27945205479452,3,396245.41,1188736.23,1332.34,3,0,2,1
C0749,Individual,Dorothy,Anderson,,F,USA,New York,Home,5,No,Agency,56.1013698630137,3,390294.6433333333,1170883.93,1258.6899999999998,3,0,3,0
C0750,Individual,Janice,Price,1976-08-06,F,USA,Nevada,Investment,1,No,Agency,50.016438356164386,3,295898.9266666667,887696.78,964.2666666666665,3,0,2,1
C0751,Individual,Keith,Parker,,M,USA,California,Home,5,No,Client,56.1013698630137,4,263987.2425,1055948.97,967.0,4,0,4,0
C0752,Individual,Lisa,Young,,F,Belgium,Brussels,Investment,3,No,Agency,56.1013698630137,4,209053.56,836214.24,725.4225,4,0,3,1
C0753,Individual,Nicholas,Patterson,,M,Germany,Hamburg,Home,5,No,Website,56.1013698630137,4,263275.58,1053102.32,868.5725,4,0,4,0
C0754,Individual,Teresa,Johnson,,F,USA,Arizona,Investment,3,No,Website,56.1013698630137,4,325002.39,1300009.56,1037.4175,4,0,3,1
C0755,Company,Celera,Co,,F,USA,California,Home,5,No,Website,56.1013698630137,3,346999.0833333333,1040997.25,1286.4833333333333,3,0,2,1
C0756,Individual,Jessica,Patterson,,F,USA,Utah,Home,5,Yes,Website,56.1013698630137,3,261922.69666666666,785768.09,934.8733333333333,3,0,3,0
C0757,Individual,Keith,Taylor,1946-09-05,M,USA,Oregon,Home,3,Yes,Website,79.95616438356164,4,348172.52999999997,1392690.1199999999,1053.27,4,0,3,1
C0758,Individual,Joe,Allen,1958-12-08,M,USA,California,Investment,2,No,Website,67.69041095890411,4,283797.29,1135189.16,928.1775,4,0,3,1
C0759,Individual,Samuel,Anderson,,M,USA,Florida,Home,4,No,Website,56.1013698630137,3,442600.44,1327801.32,1451.5366666666666,3,0,3,0
C0760,Individual,Amanda,Adams,,F,USA,California,Investment,3,No,Website,56.1013698630137,4,322002.0525,1288008.21,1133.69,4,0,4,0
C0761,Individual,Joyce,Patterson,,F,Belgium,Flanders,Home,2,No,Agency,56.1013698630137,4,346987.0175,1387948.07,1134.4225000000001,4,0,4,0
C0762,Individual,Anna,Young,1967-01-07,F,USA,Ohio,Home,4,No,Website,59.602739726027394,4,364046.3325,1456185.33,1313.38,4,0,4,0
C0763,Company,Summit,Co,,F,USA,Georgia,Home,3,No,Agency,56.1013698630137,3,345593.99,1036781.97,1152.5966666666666,3,0,3,0
C0764,Individual,Debra,Parker,1983-09-02,F,UK,Northern Ireland,Investment,4,No,Client,42.93972602739726,4,417656.185,1670624.74,1441.655,4,0,4,0
C0765,Individual,Joe,Green,,M,France,Brittany,Home,3,No,Website,56.1013698630137,4,379104.5725,1516418.29,1260.0625,4,0,3,1
C0766,Individual,Robert,Bennett,1994-04-09,M,Germany,North Rhine-Westphalia,Home,3,Yes,Client,32.33150684931507,4,400469.03500000003,1601876.1400000001,1286.2725,4,0,3,1
C0767,Individual,David,Brown,1961-02-02,M,Canada,British Columbia,Investment,2,No,Agency,65.53424657534246,4,350983.12,1403932.48,1242.0825,4,0,3,1
C0768,Individual,Matthew,Weaver,,M,Denmark,Southern Denmark,Investment,5,Yes,Website,56.1013698630137,3,349375.8233333333,1048127.47,1163.8866666666665,3,0,1,2
C0769,Individual,Nicole,Long,,F,USA,Ohio,Home,4,No,Agency,56.1013698630137,3,225202.59666666665,675607.7899999999,753.3133333333334,3,0,2,1
C0770,Individual,Shirley,Hall,1951-09-02,F,Russia,Krasnodar Krai,Home,4,No,Website,74.96164383561644,3,328199.57666666666,984598.73,1104.51,3,0,3,0
C0771,Company,Quasar,Co,1984-09-06,M,USA,California,Home,1,No,Website,41.92602739726028,4,464249.27,1856997.08,1408.3274999999999,4,0,3,1
C0772,Individual,Ethan,White,,M,USA,California,Investment,1,No,Client,56.1013698630137,3,303721.50666666665,911164.52,1038.2,3,0,1,2
C0773,Individual,Christopher,Taylor,1964-09-12,M,Russia,Saint Petersburg,Home,1,No,Website,61.92328767123288,4,362866.365,1451465.46,1153.0825,4,0,3,1
C0774,Individual,David,Wood,,M,USA,Georgia,Home,5,Yes,Agency,56.1013698630137,3,333264.2266666666,999792.6799999999,1144.8033333333333,3,0,3,0
C0775,Individual,Andrea,Reyes,,F,USA,Arizona,Home,1,No,Agency,56.1013698630137,4,260902.0925,1043608.37,900.39,4,0,3,1
C0776,Individual,Ashley,Morales,1966-11-06,F,Germany,Bavaria,Home,4,Yes,Agency,59.772602739726025,3,304821.7766666667,914465.3300000001,980.8699999999999,3,0,2,1
C0777,Company,Meridian,Co,,M,USA,Arizona,Home,1,No,Client,56.1013698630137,3,376919.8033333334,1130759.4100000001,1313.16,3,0,3,0
C0778,Individual,George,Pierce,,M,USA,California,Investment,4,Yes,Agency,56.1013698630137,4,411730.48,1646921.92,1334.8775,4,0,3,1
C0779,Individual,Lisa,Hughes,1953-05-04,F,USA,California,Home,5,Yes,Agency,73.2904109589041,3,407319.04000000004,1221957.12,1325.0800000000002,3,0,3,0
C0780,Individual,Martha,Hansen,1947-01-08,F,USA,California,Home,3,No,Website,79.61369863013698,3,236253.8966666667,708761.6900000001,849.6366666666667,3,0,3,0
C0781,Individual,Gerald,Sanders,,M,USA,California,Investment,5,Yes,Website,56.1013698630137,4,295301.6725,1181206.69,1030.635,4,0,2,2
C0782,Individual,Ethan,Williams,1970-02-10,M,USA,Utah,Investment,2,Yes,Website,56.50684931506849,4,291659.54000000004,1166638.1600000001,905.0375,4,0,3,1
C0783,Individual,Betty,Sanders,,F,Canada,Alberta,Home,1,Yes,Agency,56.1013698630137,3,343824.12,1031472.36,1156.5633333333333,3,0,3,0
C0784,Individual,Charles,Baker,,M,Mexico,Baja California,Investment,4,No,Website,56.1013698630137,3,390838.2166666666,1172514.65,1356.7466666666667,3,0,3,0
C0785,Company,Rexon,Co,,F,USA,California,Home,2,No,Website,56.1013698630137,4,261778.12,1047112.48,860.9325,4,0,4,0
C0786,Individual,Sarah,Martin,,F,USA,California,Investment,3,No,Website,56.1013698630137,3,221265.79,663797.37,724.0866666666667,3,0,2,1
C0787,Individual,Andrew,Jackson,,M,USA,Washington,Home,1,No,Website,56.1013698630137,3,468649.22000000003,1405947.6600000001,1527.8633333333335,3,0,3,0
C0788,Individual,Matthew,Stone,,M,France,Brittany,Investment,4,No,Website,56.1013698630137,4,449861.7525,1799447.01,1482.5875,4,0,3,1
C0789,Individual,Madison,Price,1974-06-04,F,Canada,Ontario,Investment,1,No,Website,52.19178082191781,3,375090.5333333334,1125271.6,1228.9099999999999,3,0,1,2
C0790,Individual,Brandon,Cooper,,M,USA,California,Home,5,Yes,Agency,56.1013698630137,4,380360.21499999997,1521440.8599999999,1227.17,4,0,3,1
C0791,Individual,Walter,Adams,1983-07-01,M,USA,Texas,Home,4,No,Website,43.11232876712329,4,356116.4525,1424465.81,1159.9675,4,0,3,1
C0792,Individual,Joseph,Richardson,,M,USA,California,Investment,4,Yes,Website,56.1013698630137,4,389994.955,1559979.82,1219.85,4,0,4,0
C0793,Individual,Kevin,Brown,1969-04-09,M,USA,New York,Home,4,No,Agency,57.347945205479455,4,311308.5875,1245234.35,1048.44,4,0,4,0
C0794,Individual,Gregory,Mitchell,1951-11-02,M,USA,California,Home,4,Yes,Website,74.79452054794521,3,373496.25666666665,1120488.77,1308.5133333333333,3,0,3,0
C0795,Individual,Harold,Murray,,M,USA,California,Investment,4,Yes,Website,56.1013698630137,3,390289.6966666666,1170869.0899999999,1169.0466666666669,3,0,3,0
C0796,Individual,Stephanie,Ward,1983-11-04,F,USA,California,Investment,5,Yes,Website,42.76712328767123,3,186532.18000000002,559596.54,607.4466666666667,3,0,3,0
C0797,Individual,Joan,Gray,1990-08-06,F,USA,Oregon,Home,5,Yes,Agency,36.00821917808219,3,293726.43333333335,881179.3,851.8699999999999,3,0,2,1
C0798,Company,Novex,Co,,M,USA,Nevada,Home,4,Yes,Agency,56.1013698630137,4,246816.87,987267.48,840.8725,4,0,4,0
C0799,Individual,Pamela,Johnson,,F,USA,California,Home,4,No,Website,56.1013698630137,4,277233.96499999997,1108935.8599999999,972.245,4,0,4,0
C0800,Individual,Lawrence,Smith,1974-02-01,M,USA,Virginia,Investment,5,Yes,Website,52.52876712328767,3,327857.7266666666,983573.1799999999,1151.5466666666666,3,0,3,0
C0801,Individual,Betty,Price,1969-03-04,F,USA,Washington,Home,4,Yes,Website,57.446575342465756,3,453904.0999999999,1361712.2999999998,1435.6633333333332,3,0,3,0
C0802,Individual,Matthew,Williams,1970-10-11,M,USA,Virginia,Home,5,No,Agency,55.84109589041096,3,358160.27,1074480.81,1217.58,3,0,3,0
C0803,Individual,Evelyn,Moore,,F,USA,Texas,Home,4,No,Agency,56.1013698630137,4,385704.8825,1542819.53,1329.5925,4,0,4,0
C0804,Individual,Tyler,Cook,1967-10-01,M,USA,Washington,Home,5,No,Agency,58.87123287671233,3,407918.63999999996,1223755.92,1464.8466666666666,3,0,1,2
C0805,Individual,Albert,Cook,,M,Germany,Berlin,Home,1,Yes,Website,56.1013698630137,3,313654.91,940964.73,995.5099999999999,3,0,3,0
C0806,Individual,Jack,Richardson,,M,France,Ile-de-France,Home,5,No,Client,56.1013698630137,4,371292.0675,1485168.27,1220.42,4,0,4,0
C0807,Individual,Amy,Chavez,,F,Mexico,Mexico City,Investment,5,No,Website,56.1013698630137,4,408854.98,1635419.92,1412.375,4,0,2,2
C0808,Individual,Gregory,Ward,,M,Germany,Berlin,Home,3,Yes,Website,56.1013698630137,3,295052.7166666667,885158.15,1003.3133333333334,3,0,3,0
C0809,Individual,Hannah,Alexander,,F,France,Occitanie,Home,5,Yes,Agency,56.1013698630137,3,462039.39666666667,1386118.19,1464.8466666666666,3,0,3,0
C0810,Individual,Ronald,Sanders,,M,USA,California,Home,1,Yes,Website,56.1013698630137,3,307532.5266666667,922597.5800000001,915.6366666666667,3,0,3,0
C0811,Individual,Carl,Allen,,M,UK,Wales,Home,3,No,Agency,56.1013698630137,3,505067.01666666666,1515201.05,1471.8999999999999,3,0,3,0
C0812,Individual,Harold,Cooper,,M,UK,Northern Ireland,Home,3,Yes,Website,56.1013698630137,4,360806.0025,1443224.01,1248.58,4,0,4,0
C0813,Individual,Gerald,Cook,1974-11-10,M,UK,Scotland,Investment,3,No,Agency,51.75616438356165,4,328506.13,1314024.52,1099.4925,4,0,1,3
C0814,Individual,Joan,Stewart,,F,USA,California,Home,2,No,Website,56.1013698630137,3,224787.91333333333,674363.74,706.7266666666666,3,0,3,0
C0815,Company,Horizon,Co,1965-06-11,F,USA,Nevada,Home,4,Yes,Agency,61.178082191780824,3,320791.55,962374.6499999999,1205.9633333333334,3,0,3,0
C0816,Individual,Deborah,Wright,,F,Germany,Hamburg,Home,2,Yes,Website,56.1013698630137,3,334363.6166666667,1003090.8500000001,1151.5466666666666,3,0,2,1
C0817,Individual,Grace,Thompson,1972-12-05,F,USA,California,Investment,1,No,Website,53.68767123287671,3,446093.6666666667,1338281.0,1448.82,3,0,2,1
C0818,Company,Sterling,Co,1991-08-09,F,USA,Colorado,Home,2,No,Website,35.0,4,190110.83750000002,760443.3500000001,677.79,4,0,3,1
C0819,Individual,Jose,Bryant,,M,USA,California,Home,5,No,Website,56.1013698630137,3,413126.09,1239378.27,1313.16,3,0,3,0
C0820,Individual,Judith,Collins,,F,USA,Texas,Investment,4,No,Agency,56.1013698630137,3,306732.5933333333,920197.78,976.2833333333333,3,0,3,0
C0821,Individual,Elizabeth,Moore,1957-04-09,F,USA,California,Home,5,Yes,Agency,69.35616438356165,3,457071.08666666667,1371213.26,1467.89,3,0,2,1
C0822,Individual,Jessica,Weaver,,F,USA,California,Investment,3,Yes,Website,56.1013698630137,3,469210.0966666667,1407630.29,1563.9733333333334,3,0,2,1
C0823,Individual,Nancy,Hayes,,F,USA,Oregon,Investment,5,Yes,Agency,56.1013698630137,4,430597.22250000003,1722388.8900000001,1338.9,4,0,4,0
C0824,Individual,Douglas,Cox,1976-01-06,M,USA,California,Home,3,No,Agency,50.6,3,411459.6166666667,1234378.85,1435.6633333333332,3,0,2,1
C0825,Individual,Ruth,Hughes,,F,Mexico,Nuevo Leon,Home,4,Yes,Agency,56.1013698630137,4,311549.5,1246198.0,1075.0475000000001,4,0,4,0
C0826,Individual,Jason,Stewart,1970-11-09,M,USA,Ohio,Investment,4,Yes,Website,55.76164383561644,4,313816.455,1255265.82,996.1925,4,0,3,1
C0827,Individual,Ruth,Wright,,F,USA,Washington,Home,2,Yes,Website,56.1013698630137,4,294116.9425,1176467.77,1025.3225,4,0,3,1
C0828,Individual,Elizabeth,Stewart,1947-10-10,F,USA,Arizona,Investment,4,Yes,Website,78.86027397260274,4,328393.55,1313574.2,1122.0925,4,0,3,1
C0829,Individual,Jonathan,Stewart,,M,USA,Utah,Investment,3,No,Website,56.1013698630137,4,324211.0475,1296844.19,1102.08,4,0,4,0
C0830,Individual,William,Martin,,M,USA,Oregon,Investment,3,No,Agency,56.1013698630137,4,379699.6725,1518798.69,1169.615,4,0,4,0
C0831,Individual,Judith,Martin,,F,USA,California,Home,2,No,Website,56.1013698630137,3,303177.49,909532.47,979.0866666666667,3,0,1,2
C0832,Individual,Dorothy,Ward,1990-09-01,F,USA,Nevada,Investment,3,Yes,Website,35.93698630136986,3,430247.33,1290741.99,1336.61,3,0,2,1
C0833,Individual,Roger,Green,1951-06-11,M,Denmark,Southern Denmark,Home,5,No,Website,75.18904109589042,3,474162.2033333333,1422486.6099999999,1623.3,3,0,2,1
C0834,Individual,Helen,Parker,,F,USA,California,Home,5,No,Website,56.1013698630137,4,346165.135,1384660.54,1073.905,4,0,4,0
C0835,Individual,Maria,Foster,1974-06-06,F,USA,California,Home,5,Yes,Website,52.18630136986302,4,289829.4225,1159317.69,941.61,4,0,3,1
C0836,Individual,Adam,Sanders,1942-04-02,M,USA,Ohio,Home,4,No,Website,84.38630136986302,3,426905.0966666667,1280715.29,1493.243333333333,3,0,2,1
C0837,Individual,Peter,Montgomery,1967-06-06,M,France,Brittany,Home,1,No,Website,59.19178082191781,4,353861.4275,1415445.71,1253.3075,4,0,4,0
C0838,Individual,Jacob,Morris,1992-05-04,M,USA,Nevada,Investment,1,Yes,Website,34.26301369863014,3,279201.43333333335,837604.3,853.8133333333334,3,0,3,0
C0839,Individual,Elizabeth,Baker,,F,UK,England,Home,5,Yes,Agency,56.1013698630137,3,374655.89666666667,1123967.69,1308.5133333333333,3,0,2,1
C0840,Individual,Elizabeth,Wilson,1981-01-11,F,Belgium,Brussels,Home,1,No,Website,45.58082191780822,4,377088.0625,1508352.25,1329.5925,4,0,4,0
C0841,Individual,Timothy,Cooper,1999-05-02,M,Belgium,Wallonia,Home,5,No,Website,27.265753424657536,4,336204.025,1344816.1,1167.105,4,0,4,0
C0842,Individual,Keith,Morales,,M,USA,Washington,Home,5,Yes,Client,56.1013698630137,4,270619.45499999996,1082477.8199999998,928.745,4,0,2,2
C0843,Individual,Amanda,Hansen,2000-04-12,F,USA,Georgia,Home,4,No,Agency,26.317808219178083,3,459042.4566666667,1377127.37,1500.72,3,0,3,0
C0844,Individual,Margaret,Scott,,F,USA,California,Home,2,No,Website,56.1013698630137,4,340800.49,1363201.96,1187.8925000000002,4,0,3,1
C0845,Individual,Ashley,Long,1993-05-09,F,USA,Washington,Home,3,No,Client,33.24931506849315,3,451756.72,1355270.16,1471.4466666666667,3,0,3,0
C0846,Individual,Martha,Harris,,F,Canada,Quebec,Investment,3,No,Agency,56.1013698630137,3,356344.59,1069033.77,1135.5233333333333,3,0,3,0
C0847,Individual,Nicole,James,,F,USA,Utah,Home,2,Yes,Agency,56.1013698630137,4,314691.365,1258765.46,1011.5875,4,0,3,1
C0848,Individual,Aaron,Hughes,,M,USA,California,Home,4,No,Agency,56.1013698630137,4,341697.0825,1366788.33,1184.9475000000002,4,0,4,0
C0849,Individual,Brian,Wilson,1977-11-04,M,USA,Oregon,Home,1,Yes,Website,48.76986301369863,4,315732.915,1262931.66,995.0275,4,0,4,0
C0850,Individual,Judy,Stone,,F,USA,Colorado,Investment,5,No,Agency,56.1013698630137,3,176144.16,528432.48,610.62,3,0,3,0
C0851,Individual,Kyle,White,,M,USA,California,Investment,2,Yes,Website,56.1013698630137,4,370739.47000000003,1482957.8800000001,1259.95,4,0,4,0
C0852,Individual,Carl,Brown,,M,Germany,North Rhine-Westphalia,Home,2,No,Agency,56.1013698630137,4,342114.5925,1368458.37,1222.37,4,0,4,0
C0853,Individual,Gerald,Bryant,1950-07-08,M,USA,Utah,Home,4,No,Website,76.11506849315069,4,323390.555,1293562.22,1092.085,4,0,2,2
C0854,Individual,David,Reyes,,M,USA,California,Home,4,No,Website,56.1013698630137,3,473010.5366666666,1419031.6099999999,1454.4099999999999,3,0,2,1
C0855,Individual,Amanda,Foster,1973-10-03,F,Australia,Queensland,Home,4,No,Website,52.86027397260274,4,299675.5375,1198702.15,1114.2125,4,0,4,0
C0856,Individual,Janice,Chavez,,F,USA,Florida,Home,5,Yes,Website,56.1013698630137,4,391377.2475,1565508.99,1226.185,4,0,4,0
C0857,Individual,Danielle,Ward,1951-11-05,F,USA,California,Investment,1,Yes,Website,74.78630136986301,4,357766.14,1431064.56,1146.2825,4,0,2,2
C0858,Individual,Samuel,Howard,1994-12-07,M,USA,Nevada,Home,1,No,Website,31.66849315068493,3,324050.2,972150.6,1156.5633333333333,3,0,2,1
C0859,Individual,Megan,Anderson,1942-03-12,F,USA,California,Home,2,Yes,Agency,84.44383561643835,4,360155.97250000003,1440623.8900000001,1154.105,4,0,4,0
C0860,Individual,Virginia,Morales,1968-09-07,F,USA,Utah,Home,5,Yes,Website,57.93424657534246,4,340644.96,1362579.84,1148.025,4,0,4,0
C0861,Individual,Christine,Peterson,1994-04-08,F,France,Brittany,Investment,2,No,Agency,32.33424657534247,3,509153.5233333334,1527460.57,1635.6233333333332,3,0,2,1
C0862,Individual,Amanda,Jordan,,F,USA,Colorado,Investment,1,No,Website,56.1013698630137,3,451473.97000000003,1354421.9100000001,1527.8633333333335,3,0,3,0
C0863,Individual,Brandon,Peterson,,M,Belgium,Wallonia,Home,5,Yes,Agency,56.1013698630137,4,276936.24,1107744.96,984.6475,4,0,4,0
C0864,Individual,Noah,Kim,1970-07-07,M,USA,Texas,Home,3,No,Website,56.104109589041094,3,361849.34,1085548.02,1156.5633333333333,3,0,2,1
C0865,Individual,Rebecca,Gray,,F,USA,Colorado,Investment,5,Yes,Website,56.1013698630137,4,317014.7825,1268059.13,1008.395,4,0,3,1
C0866,Individual,Lawrence,Bryant,,M,Belgium,Brussels,Home,3,No,Agency,56.1013698630137,4,332928.27,1331713.08,1148.025,4,0,4,0
C0867,Individual,Julia,Davis,1967-12-04,F,USA,California,Home,2,No,Agency,58.6958904109589,3,342915.76666666666,1028747.3,1146.2633333333333,3,0,3,0
C0868,Individual,Victoria,Rogers,,F,USA,Florida,Home,3,Yes,Agency,56.1013698630137,3,329070.38999999996,987211.1699999999,1049.3799999999999,3,0,2,1
C0869,Individual,Jose,Roberts,1993-07-03,M,USA,California,Home,4,No,Agency,33.0986301369863,3,286269.04333333333,858807.13,1012.96,3,0,3,0
C0870,Company,Harmon,Co,1966-01-09,F,UK,Northern Ireland,Home,2,Yes,Website,60.5972602739726,4,274475.565,1097902.26,909.9825,4,0,3,1
C0871,Individual,Pamela,Pierce,,F,USA,Virginia,Home,1,Yes,Website,56.1013698630137,4,484962.1325,1939848.53,1524.2725,4,0,3,1
C0872,Individual,Sarah,Bennett,,F,UK,England,Home,4,No,Website,56.1013698630137,4,365580.0975,1462320.39,1326.2525,4,0,4,0
C0873,Individual,Gerald,Murray,1940-09-09,M,USA,New York,Home,2,No,Website,85.94794520547946,3,441925.9266666667,1325777.78,1463.22,3,0,3,0
C0874,Individual,Debra,Murray,,F,Belgium,Flanders,Investment,2,No,Website,56.1013698630137,4,372572.27749999997,1490289.1099999999,1186.5225,4,0,4,0
C0875,Individual,Jeffrey,Evans,1972-09-07,M,Canada,Manitoba,Home,4,No,Website,53.93150684931507,3,436327.16,1308981.48,1370.5533333333333,3,0,3,0
C0876,Individual,Benjamin,Chavez,,M,USA,California,Home,3,No,Client,56.1013698630137,3,291257.17333333334,873771.52,971.1899999999999,3,0,3,0
C0877,Individual,Jennifer,Weaver,,F,USA,Utah,Investment,2,Yes,Agency,56.1013698630137,3,469216.8,1407650.4,1493.243333333333,3,0,2,1
C0878,Individual,Ashley,Hansen,,F,USA,Nevada,Home,4,Yes,Website,56.1013698630137,3,323556.7166666666,970670.1499999999,1008.13,3,0,3,0
C0879,Individual,Brandon,Adams,,M,UK,Northern Ireland,Home,4,Yes,Website,56.1013698630137,3,449707.1066666667,1349121.32,1463.22,3,0,3,0
C0880,Individual,Judith,Bennett,,F,USA,New York,Home,2,No,Website,56.1013698630137,4,347500.66000000003,1390002.6400000001,1151.37,4,0,3,1
C0881,Individual,Ruth,Weaver,,F,USA,Colorado,Investment,1,No,Website,56.1013698630137,4,311830.3,1247321.2,1136.6925,4,0,3,1
C0882,Individual,Peter,Moore,2000-07-07,M,UK,Wales,Home,3,No,Website,26.08219178082192,3,380942.7133333334,1142828.1400000001,1435.6633333333332,3,0,2,1
C0883,Individual,Gerald,Thompson,,M,USA,Texas,Home,4,No,Client,56.1013698630137,4,494814.5675,1979258.27,1699.3675,4,0,4,0
C0884,Individual,Joe,Reed,1949-07-05,M,USA,Nevada,Home,2,No,Website,77.12328767123287,3,340565.8333333333,1021697.5,1209.64,3,0,2,1
C0885,Individual,Michael,Williams,,M,Canada,British Columbia,Investment,2,Yes,Agency,56.1013698630137,3,513614.67333333334,1540844.02,1671.7666666666667,3,0,3,0
C0886,Individual,Joseph,Brooks,,M,USA,California,Home,3,Yes,Agency,56.1013698630137,3,269185.49,807556.47,941.2099999999999,3,0,3,0
C0887,Individual,Joan,Bryant,,F,USA,California,Home,3,No,Agency,56.1013698630137,4,311821.7725,1247287.09,1012.5575,4,0,3,1
C0888,Individual,Sharon,Montgomery,,F,Germany,Berlin,Home,4,Yes,Website,56.1013698630137,4,276178.2975,1104713.19,933.355,4,0,2,2
C0889,Individual,Scott,Campbell,,M,USA,Nevada,Investment,4,Yes,Website,56.1013698630137,3,446450.1966666666,1339350.5899999999,1451.2533333333333,3,0,3,0
C0890,Individual,Julie,Nelson,,F,USA,Virginia,Investment,3,Yes,Website,56.1013698630137,4,284598.5725,1138394.29,922.66,4,0,4,0
C0891,Individual,Raymond,Roberts,,M,Germany,North Rhine-Westphalia,Investment,1,Yes,Website,56.1013698630137,4,335093.27,1340373.08,1154.105,4,0,3,1
C0892,Individual,Helen,Watson,1958-05-06,F,USA,California,Investment,2,Yes,Website,68.28219178082192,3,328040.4666666666,984121.3999999999,1167.24,3,0,2,1
C0893,Individual,Evelyn,Thompson,,F,USA,Colorado,Home,3,Yes,Website,56.1013698630137,4,423959.8675,1695839.47,1329.5925,4,0,4,0
C0894,Individual,Carl,Evans,,M,USA,Georgia,Home,5,No,Website,56.1013698630137,3,294022.49,882067.47,932.37,3,0,3,0
C0895,Individual,Amanda,Rogers,,F,USA,Arizona,Investment,4,Yes,Website,56.1013698630137,3,375893.5333333334,1127680.6,1280.28,3,0,3,0
C0896,Individual,Timothy,Jones,1970-06-05,M,France,Brittany,Home,4,Yes,Agency,56.19178082191781,4,289483.36,1157933.44,935.765,4,0,3,1
C0897,Individual,Ann,Foster,1971-04-08,F,Australia,Victoria,Home,1,No,Website,55.35068493150685,3,248563.88333333333,745691.65,801.46,3,0,3,0
C0898,Individual,Deborah,King,,F,USA,Arizona,Investment,5,Yes,Agency,56.1013698630137,4,209123.505,836494.02,706.0875,4,0,3,1
C0899,Company,Apex,Co,,F,USA,Washington,Investment,2,No,Website,56.1013698630137,3,350135.87666666665,1050407.63,1076.6899999999998,3,0,3,0
C0900,Individual,Betty,Cook,,F,Germany,North Rhine-Westphalia,Home,4,No,Agency,56.1013698630137,3,202019.40666666665,606058.22,753.3133333333334,3,0,3,0
C0901,Individual,Gregory,Allen,,M,France,Brittany,Investment,4,No,Agency,56.1013698630137,3,303046.28,909138.8400000001,909.0566666666667,3,0,3,0
C0902,Company,Peerex,Co,1964-11-02,F,UK,Northern Ireland,Home,3,Yes,Agency,61.78356164383562,4,320266.19,1281064.76,1068.57,4,0,4,0
C0903,Individual,Christine,Morales,,F,USA,Texas,Investment,3,No,Website,56.1013698630137,3,369382.5366666666,1108147.6099999999,1240.6066666666666,3,0,3,0
C0904,Individual,Nancy,Brooks,1984-08-03,F,Russia,Saint Petersburg,Home,1,Yes,Website,42.01917808219178,4,262588.8225,1050355.29,883.805,4,0,3,1
C0905,Individual,Emma,Allen,,F,USA,Virginia,Home,5,Yes,Website,56.1013698630137,3,292492.5733333333,877477.72,927.6066666666666,3,0,3,0
C0906,Individual,Jacqueline,Baker,,F,USA,California,Investment,5,No,Website,56.1013698630137,4,439491.89,1757967.56,1458.93,4,0,3,1
C0907,Individual,Danielle,Scott,,F,USA,California,Home,3,No,Agency,56.1013698630137,3,458460.1533333333,1375380.46,1459.1899999999998,3,0,3,0
C0908,Individual,Carl,Kim,,M,USA,California,Home,4,Yes,Agency,56.1013698630137,4,282485.3375,1129941.35,825.1325,4,0,3,1
C0909,Individual,Brandon,Turner,1967-10-07,M,USA,California,Investment,1,Yes,Agency,58.85479452054795,4,382363.9325,1529455.73,1183.04,4,0,2,2
C0910,Individual,Victoria,Jackson,,F,USA,Texas,Home,3,Yes,Agency,56.1013698630137,3,431199.49333333335,1293598.48,1238.36,3,0,2,1
C0911,Individual,Donald,Long,,M,USA,California,Home,4,No,Website,56.1013698630137,4,327601.33,1310405.32,972.335,4,0,4,0
C0912,Individual,Christina,Freeman,1949-11-05,F,USA,California,Home,1,No,Agency,76.78630136986301,3,440710.01666666666,1322130.05,1351.4633333333334,3,0,2,1
C0913,Individual,Nathan,Hansen,,M,USA,California,Home,4,No,Agency,56.1013698630137,4,483909.48,1935637.92,1552.15,4,0,3,1
C0914,Individual,Helen,Freeman,1948-12-10,F,France,Provence,Investment,4,No,Website,77.69041095890411,4,281072.695,1124290.78,984.6475,4,0,3,1
C0915,Individual,Ronald,Harris,,M,USA,Florida,Home,2,No,Agency,56.1013698630137,3,436589.57,1309768.71,1283.46,3,0,3,0
C0916,Individual,Nathan,Hansen,1988-10-02,M,Russia,Moscow Oblast,Home,2,No,Website,37.85205479452055,4,344397.865,1377591.46,1114.105,4,0,4,0
C0917,Individual,Kenneth,Hughes,1969-01-08,M,USA,Arizona,Home,2,Yes,Agency,57.5972602739726,3,252261.83,756785.49,851.4266666666667,3,0,3,0
C0918,Individual,Susan,Cook,,F,Australia,Western Australia,Home,4,No,Client,56.1013698630137,3,487120.6233333333,1461361.8699999999,1583.2166666666665,3,0,2,1
C0919,Individual,Barbara,Foster,,F,Canada,Quebec,Investment,5,No,Agency,56.1013698630137,3,353174.85000000003,1059524.55,1179.5233333333333,3,0,3,0
C0920,Individual,Christian,Williams,1973-11-10,M,USA,California,Home,4,No,Website,52.75616438356165,3,292789.5966666667,878368.79,934.4333333333334,3,0,3,0
C0921,Individual,Christina,Reyes,1999-10-03,F,Australia,New South Wales,Home,4,No,Agency,26.843835616438355,3,267578.92,802736.76,900.46,3,0,3,0
C0922,Individual,Joe,Bell,,M,Australia,Victoria,Investment,4,Yes,Website,56.1013698630137,3,368584.66,1105753.98,1200.3500000000001,3,0,3,0
C0923,Individual,Ruth,Richardson,,F,USA,Oregon,Home,3,No,Client,56.1013698630137,4,295855.7125,1183422.85,1035.1925,4,0,4,0
C0924,Individual,Emily,Wright,,F,USA,California,Home,4,No,Website,56.1013698630137,4,389667.7075,1558670.83,1313.38,4,0,3,1
C0925,Individual,Michael,Ward,1944-12-05,M,Germany,Hamburg,Home,2,No,Website,81.7068493150685,3,436011.67333333334,1308035.02,1471.8999999999999,3,0,2,1
C0926,Individual,Lauren,Harris,1961-04-04,F,USA,California,Home,3,No,Website,65.36712328767123,3,359613.91,1078841.73,1207.6466666666668,3,0,1,2
C0927,Individual,Carol,Hayes,1962-04-11,F,France,Ile-de-France,Home,4,No,Client,64.34794520547945,3,311166.46,933499.38,952.2633333333333,3,0,2,1
C0928,Individual,Jordan,Jordan,,M,USA,California,Home,1,Yes,Agency,56.1013698630137,3,252690.04333333333,758070.13,883.7466666666666,3,0,2,1
C0929,Individual,Jack,Hall,,M,USA,Washington,Home,4,No,Website,56.1013698630137,3,389280.5733333333,1167841.72,1117.9399999999998,3,0,3,0
C0930,Individual,Debra,Moore,,F,USA,Washington,Investment,1,Yes,Agency,56.1013698630137,3,308101.8433333333,924305.53,1110.6233333333332,3,0,3,0
C0931,Individual,Daniel,Parker,,M,USA,Nevada,Investment,2,Yes,Client,56.1013698630137,3,332472.87,997418.61,1090.9466666666667,3,0,3,0
C0932,Individual,Kathleen,Moore,,F,USA,New York,Home,5,No,Website,56.1013698630137,4,367077.66500000004,1468310.6600000001,1196.9724999999999,4,0,4,0
C0933,Individual,Kimberly,Johnson,1955-03-09,F,USA,California,Home,4,No,Website,71.44383561643835,3,359056.98,1077170.94,1155.4633333333334,3,0,2,1
C0934,Individual,Barbara,Allen,1943-02-10,F,UK,Northern Ireland,Investment,5,Yes,Website,83.52602739726028,3,304163.1966666667,912489.5900000001,1086.9833333333333,3,0,3,0
C0935,Individual,Katherine,Cooper,,F,Canada,Manitoba,Home,4,No,Agency,56.1013698630137,3,377677.49666666664,1133032.49,1221.6766666666665,3,0,2,1
C0936,Individual,Carolyn,Brooks,1951-10-04,F,USA,California,Home,3,No,Client,74.87397260273973,3,260981.99,782945.97,879.3433333333332,3,0,2,1
C0937,Individual,Gerald,Chavez,1982-03-04,M,USA,Arizona,Home,5,No,Client,44.43835616438356,4,342585.22750000004,1370340.9100000001,1127.3175,4,0,4,0
C0938,Individual,William,Chavez,1963-08-05,M,Russia,Krasnodar Krai,Home,4,No,Website,63.03013698630137,3,284739.23333333334,854217.7,851.87,3,0,3,0
C0939,Individual,Anna,Alexander,1978-02-02,F,Belgium,Brussels,Investment,1,No,Website,48.52328767123288,4,297708.42,1190833.68,996.3625,4,0,4,0
C0940,Individual,Kyle,Bell,,M,USA,Virginia,Investment,5,No,Website,56.1013698630137,4,407234.4625,1628937.85,1332.2825,4,0,3,1
C0941,Individual,Grace,Moore,,F,Mexico,Jalisco,Home,1,No,Agency,56.1013698630137,3,342771.36333333334,1028314.09,1089.46,3,0,2,1
C0942,Individual,Joan,Jackson,,F,USA,California,Home,1,No,Website,56.1013698630137,4,350657.94,1402631.76,1008.6625,4,0,4,0
C0943,Individual,Karen,Cox,,F,Canada,Manitoba,Investment,5,No,Website,56.1013698630137,3,325016.0933333333,975048.28,1129.1766666666665,3,0,2,1
C0944,Individual,Virginia,Hughes,,F,USA,Florida,Home,2,No,Website,56.1013698630137,3,418907.3433333333,1256722.03,1283.46,3,0,2,1
C0945,Individual,Emily,Hayes,1945-04-09,F,France,Provence,Home,4,No,Website,81.36438356164383,3,324468.85000000003,973406.55,1102.8633333333335,3,0,3,0
C0946,Individual,Ashley,Weaver,1946-04-07,F,USA,Nevada,Investment,3,Yes,Agency,80.36986301369863,3,275868.54333333333,827605.63,897.3100000000001,3,0,3,0
C0947,Individual,Samantha,Cox,,F,USA,Texas,Home,2,No,Website,56.1013698630137,3,365527.76333333337,1096583.29,1190.3133333333333,3,0,3,0
C0948,Individual,Emma,Nelson,,F,USA,California,Investment,3,Yes,Website,56.1013698630137,4,383000.1275,1532000.51,1299.3675,4,0,2,2
C0949,Individual,Julia,Price,,F,USA,Colorado,Investment,5,Yes,Client,56.1013698630137,4,349264.4875,1397057.95,1102.2725,4,0,3,1
C0950,Individual,Christina,Price,1991-11-12,F,USA,Texas,Investment,5,No,Website,34.73972602739726,4,354553.12,1418212.48,1146.9925,4,0,3,1
C0951,Individual,Rachel,Chavez,,F,Mexico,Nuevo Leon,Home,1,Yes,Client,56.1013698630137,4,414575.48,1658301.92,1290.8,4,0,4,0
C0952,Individual,Ann,Martin,1959-03-09,F,USA,Oregon,Home,5,No,Website,67.44109589041096,4,471625.48250000004,1886501.9300000002,1510.65,4,0,3,1
C0953,Company,Helios,Co,,M,USA,Washington,Home,5,Yes,Website,56.1013698630137,3,213271.66666666666,639815.0,839.1433333333334,3,0,3,0
C0954,Individual,Michael,Evans,1950-08-04,M,France,Brittany,Investment,4,Yes,Agency,76.04109589041096,4,373447.0,1493788.0,1204.4975,4,0,3,1
C0955,Individual,Megan,Garcia,1969-11-01,F,USA,California,Home,1,No,Website,56.78356164383562,3,366037.26,1098111.78,1205.9633333333334,3,0,3,0
C0956,Individual,Donald,Jackson,1966-10-03,M,USA,California,Home,1,Yes,Website,59.865753424657534,4,411799.3625,1647197.45,1294.645,4,0,3,1
C0957,Company,Crestwood,Co,,M,USA,Oregon,Home,2,Yes,Client,56.1013698630137,4,323810.505,1295242.02,1072.5575,4,0,4,0
C0958,Individual,Betty,Rogers,1991-11-07,F,USA,Nevada,Home,1,Yes,Website,34.75342465753425,4,234022.86250000002,936091.4500000001,834.6575,4,0,4,0
C0959,Individual,Carl,Hayes,,M,USA,California,Home,3,No,Agency,56.1013698630137,4,460039.915,1840159.66,1572.79,4,0,4,0
C0960,Individual,Linda,Bennett,1960-01-04,F,USA,Arizona,Investment,1,Yes,Client,66.61643835616438,4,345021.145,1380084.58,1148.2475,4,0,3,1
C0961,Individual,Brandon,Morales,1974-03-08,M,UK,Wales,Home,2,Yes,Website,52.43287671232877,4,420327.9175,1681311.67,1271.345,4,0,4,0
C0962,Individual,Nicholas,Hansen,,M,USA,California,Home,4,No,Website,56.1013698630137,4,333931.705,1335726.82,1114.2125,4,0,4,0
C0963,Individual,James,Davis,1941-09-08,M,Canada,Alberta,Home,4,No,Agency,84.95068493150686,3,199624.99666666667,598874.99,678.9699999999999,3,0,2,1
C0964,Individual,Elizabeth,Hall,,F,USA,California,Home,4,No,Website,56.1013698630137,3,338373.89666666667,1015121.6900000001,1168.3833333333334,3,0,3,0
C0965,Individual,Lauren,Adams,,F,USA,New York,Investment,3,No,Website,56.1013698630137,3,280066.5366666667,840199.6100000001,862.1066666666666,3,0,2,1
C0966,Company,Corvus,Co,1995-11-10,M,USA,California,Investment,3,No,Website,30.742465753424657,4,401696.26249999995,1606785.0499999998,1510.34,4,0,3,1
C0967,Individual,Jennifer,Moore,,F,USA,California,Home,2,No,Agency,56.1013698630137,3,235199.8866666667,705599.66,879.3433333333332,3,0,2,1
C0968,Individual,Julie,Hansen,,F,USA,Arizona,Home,4,No,Website,56.1013698630137,3,363024.9033333333,1089074.71,1168.3833333333334,3,0,2,1
C0969,Individual,Amber,Ward,,F,Russia,Tatarstan,Investment,1,Yes,Agency,56.1013698630137,3,372920.0633333333,1118760.19,1186.4366666666667,3,0,2,1
C0970,Individual,Peter,Johnson,1986-01-12,M,Denmark,North Denmark,Home,3,Yes,Website,40.57534246575342,4,399101.0625,1596404.25,1313.38,4,0,3,1
C0971,Individual,Cynthia,Mitchell,1969-02-06,F,USA,Colorado,Investment,5,Yes,Website,57.51780821917808,4,319612.5125,1278450.05,1011.23,4,0,4,0
C0972,Individual,Sandra,Evans,,F,USA,Arizona,Home,5,No,Agency,56.1013698630137,4,324502.2575,1298009.03,1072.985,4,0,4,0
C0973,Individual,Charles,Stone,1992-03-12,M,USA,California,Investment,2,No,Client,34.40821917808219,4,398954.29000000004,1595817.1600000001,1210.7375000000002,4,0,3,1
C0974,Individual,Michael,Hansen,,M,USA,New York,Home,1,No,Agency,56.1013698630137,4,302747.5275,1210990.11,1008.395,4,0,4,0
C0975,Individual,Gregory,Reyes,1946-09-07,M,USA,Utah,Home,4,No,Website,79.95068493150686,3,313770.2033333333,941310.61,1050.08,3,0,3,0
C0976,Individual,Ryan,Miller,,M,USA,California,Home,4,Yes,Website,56.1013698630137,4,301537.495,1206149.98,947.7475000000001,4,0,3,1
C0977,Individual,Ryan,James,1996-07-04,M,USA,California,Home,1,No,Agency,30.09315068493151,3,314890.98333333334,944672.95,1092.5066666666667,3,0,3,0
C0978,Individual,Lauren,Brown,1963-11-11,F,USA,California,Home,4,Yes,Website,62.76164383561644,3,483120.3033333334,1449360.9100000001,1526.9566666666667,3,0,3,0
C0979,Individual,Madison,Roberts,,F,Canada,Quebec,Investment,4,No,Website,56.1013698630137,3,288220.48333333334,864661.4500000001,939.3299999999999,3,0,3,0
C0980,Individual,Daniel,Davis,,M,USA,New York,Investment,1,Yes,Website,56.1013698630137,3,385442.2133333334,1156326.6400000001,1392.5566666666666,3,0,2,1
C0981,Individual,Jessica,Stewart,,F,USA,California,Investment,1,No,Website,56.1013698630137,4,512081.0475,2048324.19,1555.2975000000001,4,0,3,1
C0982,Individual,Joyce,Jackson,1961-08-07,F,Canada,Manitoba,Investment,5,Yes,Agency,65.02465753424657,3,481167.91,1443503.73,1456.36,3,0,3,0
C0983,Individual,Brittany,Freeman,,F,Germany,North Rhine-Westphalia,Home,4,No,Website,56.1013698630137,3,267739.89999999997,803219.7,899.62,3,0,3,0
C0984,Individual,Mark,Johnson,1962-03-12,M,Canada,British Columbia,Home,5,Yes,Agency,64.43013698630136,3,402176.4033333333,1206529.21,1337.1733333333334,3,0,2,1
C0985,Individual,Ruth,Griffin,,F,USA,California,Home,1,Yes,Website,56.1013698630137,3,295663.5733333333,886990.72,934.4333333333334,3,0,2,1
C0986,Individual,Jacqueline,Ward,,F,Russia,Saint Petersburg,Home,2,No,Website,56.1013698630137,3,481742.0233333334,1445226.07,1510.3766666666668,3,0,2,1
C0987,Individual,Maria,Johnson,,F,Germany,North Rhine-Westphalia,Home,1,Yes,Agency,56.1013698630137,4,271504.59,1086018.36,984.12,4,0,3,1
C0988,Individual,Douglas,Cooper,,M,USA,Texas,Home,3,Yes,Agency,56.1013698630137,3,231677.93333333335,695033.8,724.0866666666667,3,0,3,0
C0989,Individual,Amber,Cook,,F,USA,Oregon,Home,4,No,Website,56.1013698630137,4,282476.8275,1129907.31,1035.1925,4,0,3,1
C0990,Individual,Carl,Carter,,M,USA,Utah,Home,4,No,Website,56.1013698630137,4,397095.83999999997,1588383.3599999999,1321.76,4,0,4,0
C0991,Individual,Heather,Adams,,F,USA,Nevada,Home,1,No,Website,56.1013698630137,3,407705.3833333333,1223116.15,1464.8466666666666,3,0,3,0
C0992,Individual,Scott,Hughes,,M,Denmark,Capital Region,Home,1,Yes,Website,56.1013698630137,4,369620.6525,1478482.61,1205.465,4,0,4,0
C0993,Individual,Ryan,Campbell,1954-11-03,M,USA,California,Home,2,Yes,Website,71.78904109589041,3,176831.47999999998,530494.44,610.62,3,0,3,0
C0994,Individual,Michael,Moore,,M,USA,California,Home,3,No,Website,56.1013698630137,4,344975.71749999997,1379902.8699999999,1187.8925000000002,4,0,4,0
C0995,Individual,Amanda,Kim,,F,Australia,New South Wales,Home,1,Yes,Website,56.1013698630137,3,334706.92333333334,1004120.77,1037.11,3,0,2,1
C0996,Individual,Terry,Howard,1956-11-06,M,Canada,Manitoba,Home,2,Yes,Client,69.77808219178083,3,296322.6666666667,888968.0,941.2099999999999,3,0,2,1
C0997,Individual,Terry,Collins,1950-11-03,M,USA,California,Investment,3,Yes,Agency,75.79178082191781,3,535959.0233333333,1607877.07,1654.4733333333334,3,0,2,1
C0998,Company,Grandis,Co,1969-06-05,F,USA,Virginia,Home,4,No,Agency,57.19178082191781,4,307638.0375,1230552.15,1053.27,4,0,3,1
C0999,Individual,Jacqueline,Cox,,F,USA,California,Investment,3,No,Agency,56.1013698630137,3,220661.44999999998,661984.35,753.3133333333334,3,0,3,0
C1000,Individual,Judith,Parker,,F,USA,Utah,Home,2,Yes,Website,56.1013698630137,4,407343.0575,1629372.23,1316.6550000000002,4,0,4,0
C1001,Individual,Aaron,Nelson,,M,USA,California,Home,3,No,Website,56.1013698630137,4,412574.235,1650296.94,1326.3725,4,0,4,0
C1002,Individual,Scott,Hughes,1967-08-06,M,USA,California,Home,5,No,Website,59.02465753424657,3,354683.5733333333,1064050.72,1052.0866666666668,3,0,2,1
C1003,Individual,Lauren,Bennett,1977-11-08,F,USA,Nevada,Home,2,No,Website,48.75890410958904,3,388303.07666666666,1164909.23,1303.7766666666666,3,0,2,1
C1004,Individual,Alexander,Anderson,,M,USA,Oregon,Home,3,Yes,Website,56.1013698630137,4,388366.91500000004,1553467.6600000001,1254.045,4,0,4,0
C1005,Individual,Barbara,Chavez,1988-07-06,F,Germany,Hamburg,Home,3,No,Client,38.09315068493151,3,259367.20000000004,778101.6000000001,993.0033333333334,3,0,2,1
C1006,Individual,Stephanie,Weaver,,F,USA,Georgia,Home,1,No,Website,56.1013698630137,3,246312.93333333335,738938.8,828.39,3,0,3,0
C1007,Individual,Joyce,Brooks,,F,UK,England,Home,4,No,Agency,56.1013698630137,3,271034.89333333337,813104.68,847.0366666666667,3,0,2,1
C1008,Company,Sterling,Co,1987-02-10,M,USA,California,Home,2,No,Website,39.49589041095891,4,254565.6725,1018262.69,849.79,4,0,4,0
C1009,Individual,Evelyn,Bell,1950-11-02,F,USA,Nevada,Investment,4,Yes,Agency,75.79452054794521,3,247053.34666666668,741160.04,971.1899999999999,3,0,3,0
C1010,Individual,Dennis,Moore,1964-10-03,M,Mexico,Jalisco,Home,4,No,Website,61.865753424657534,4,332869.9325,1331479.73,1077.195,4,0,3,1
C1011,Individual,Virginia,Brooks,,F,USA,California,Investment,1,No,Website,56.1013698630137,4,320347.34750000003,1281389.3900000001,1075.505,4,0,4,0
C1012,Individual,Raymond,Morales,,M,USA,New York,Home,4,Yes,Website,56.1013698630137,3,563423.5,1690270.5,1736.0333333333335,3,0,2,1
C1013,Individual,Stephanie,Patterson,,F,USA,Oregon,Home,1,Yes,Website,56.1013698630137,4,406976.9925,1627907.97,1298.145,4,0,3,1
C1014,Individual,David,Weaver,1969-06-01,M,USA,California,Home,3,Yes,Website,57.202739726027396,3,426035.45333333337,1278106.36,1523.6933333333334,3,0,3,0
C1015,Individual,Kyle,Davis,1977-01-09,M,USA,California,Home,4,Yes,Website,49.58904109589041,3,294808.83666666667,884426.51,973.09,3,0,3,0
C1016,Individual,Andrea,Wilson,1976-05-04,F,USA,California,Home,4,Yes,Agency,50.273972602739725,4,385693.65249999997,1542774.6099999999,1214.5625,4,0,3,1
C1017,Individual,Megan,Baker,,F,USA,California,Home,1,Yes,Agency,56.1013698630137,4,279092.8575,1116371.43,928.745,4,0,3,1
C1018,Individual,Tiffany,Turner,,F,USA,Colorado,Home,5,Yes,Client,56.1013698630137,3,281893.5233333334,845680.5700000001,1033.4833333333333,3,0,3,0
C1019,Individual,Carolyn,Stewart,,F,USA,Nevada,Home,2,No,Client,56.1013698630137,3,389085.06,1167255.18,1325.0800000000002,3,0,3,0
C1020,Individual,Deborah,Morales,,F,USA,California,Home,3,No,Agency,56.1013698630137,4,312206.71499999997,1248826.8599999999,994.0725,4,0,3,1
C1021,Individual,Jeffrey,Bryant,1974-04-09,M,USA,California,Investment,1,No,Client,52.345205479452055,4,388684.975,1554739.9,1340.7775000000001,4,0,3,1
C1022,Individual,Christina,King,,F,USA,Colorado,Home,1,No,Agency,56.1013698630137,4,347427.2825,1389709.13,1122.0925,4,0,3,1
C1023,Individual,Heather,Bell,,F,USA,Nevada,Home,1,Yes,Website,56.1013698630137,3,445412.62333333335,1336237.87,1599.3433333333332,3,0,3,0
C1024,Individual,Gregory,Long,1969-03-08,M,USA,Arizona,Investment,2,No,Agency,57.43561643835616,3,450344.30666666664,1351032.92,1510.3766666666668,3,0,3,0
C1025,Individual,Michelle,King,,F,USA,California,Home,1,No,Client,56.1013698630137,3,246141.3933333333,738424.1799999999,735.3566666666667,3,0,2,1
C1026,Individual,Robert,Parker,1991-12-08,M,USA,California,Investment,1,No,Agency,34.66849315068493,3,480258.3666666667,1440775.1,1452.2633333333333,3,0,3,0
C1027,Individual,Gerald,White,1976-10-12,M,USA,California,Investment,1,Yes,Client,49.83287671232877,3,518135.9366666667,1554407.81,1649.26,3,0,2,1
C1028,Individual,Nicholas,Cox,1942-07-04,M,USA,California,Home,1,Yes,Website,84.13150684931507,4,285956.6775,1143826.71,984.12,4,0,4,0
C1029,Individual,Ryan,Jackson,1949-06-11,M,Australia,Victoria,Home,1,No,Agency,77.18904109589042,3,315520.3233333333,946560.97,1049.3799999999999,3,0,3,0
C1030,Individual,Christine,Owens,,F,USA,Ohio,Home,4,No,Website,56.1013698630137,4,338385.765,1353543.06,1070.475,4,0,4,0
C1031,Individual,Alexander,Reed,,M,UK,England,Home,1,No,Website,56.1013698630137,3,337111.06666666665,1011333.2,1088.5866666666668,3,0,2,1
C1032,Individual,Larry,Freeman,1977-03-01,M,USA,Nevada,Home,5,No,Website,49.44931506849315,4,373572.4325,1494289.73,1086.2275,4,0,4,0
C1033,Individual,Eric,Jackson,,M,France,Ile-de-France,Home,2,No,Website,56.1013698630137,4,374030.1275,1496120.51,1313.38,4,0,3,1
C1034,Individual,Andrea,Wilson,,F,USA,Colorado,Home,5,No,Client,56.1013698630137,4,300012.4,1200049.6,970.375,4,0,3,1
C1035,Individual,Jacob,Williams,1961-10-02,M,USA,Virginia,Home,2,No,Website,64.87123287671233,4,382137.53250000003,1528550.1300000001,1227.17,4,0,2,2
C1036,Individual,Martha,Collins,,F,USA,Oregon,Home,2,No,Agency,56.1013698630137,3,392145.36000000004,1176436.08,1350.4933333333333,3,0,3,0
C1037,Company,Corvus,Co,1970-02-01,M,Mexico,Baja California,Home,2,Yes,Website,56.53150684931507,3,371879.0433333333,1115637.13,1190.3133333333333,3,0,2,1
C1038,Individual,Gerald,Gray,,M,USA,California,Investment,3,No,Website,56.1013698630137,3,302376.0666666667,907128.2000000001,939.3299999999999,3,0,3,0
C1039,Individual,Nicholas,Carter,,M,USA,California,Home,1,Yes,Agency,56.1013698630137,4,357113.235,1428452.94,1210.7375000000002,4,0,4,0
C1040,Individual,Joseph,Young,1940-05-04,M,USA,California,Investment,5,Yes,Website,86.2986301369863,3,300365.26333333337,901095.79,992.2199999999999,3,0,3,0
C1041,Individual,Evelyn,Morris,1990-07-12,F,USA,Nevada,Home,5,Yes,Website,36.07671232876712,3,383346.93,1150040.79,1303.7766666666666,3,0,3,0
C1042,Individual,Rebecca,Parker,1945-03-08,F,USA,Nevada,Home,2,No,Agency,81.45205479452055,4,331445.865,1325783.46,1122.0925,4,0,4,0
C1043,Individual,Carol,Griffin,,F,USA,Washington,Home,5,No,Website,56.1013698630137,3,355970.61999999994,1067911.8599999999,1357.1933333333334,3,0,3,0
C1044,Individual,Eric,Howard,,M,USA,Nevada,Investment,5,No,Website,56.1013698630137,4,342009.09750000003,1368036.3900000001,1145.535,4,0,4,0
C1045,Individual,Rebecca,Allen,1942-01-04,F,USA,New York,Home,3,No,Website,84.62739726027397,3,324946.6766666667,974840.03,1060.1133333333335,3,0,1,2
C1046,Individual,Maria,Wood,,F,Canada,Quebec,Home,4,Yes,Website,56.1013698630137,4,325282.0975,1301128.39,1049.6999999999998,4,0,4,0
C1047,Individual,Ronald,Reyes,1984-12-12,M,USA,Virginia,Home,3,No,Website,41.66027397260274,3,444579.2766666667,1333737.83,1454.5733333333335,3,0,3,0
C1048,Individual,Angela,Turner,,F,USA,Oregon,Investment,1,No,Agency,56.1013698630137,3,449779.8033333333,1349339.41,1439.256666666667,3,0,2,1
C1049,Individual,Tiffany,Sanders,1940-05-11,F,USA,California,Investment,5,No,Website,86.27945205479452,3,404764.72000000003,1214294.1600000001,1451.5366666666669,3,0,3,0
C1050,Individual,Tyler,Watson,1955-03-10,M,USA,Georgia,Home,4,Yes,Website,71.44109589041096,4,318663.7725,1274655.09,1192.72,4,0,4,0
C1051,Individual,Cheryl,Hansen,,F,USA,Virginia,Home,1,Yes,Agency,56.1013698630137,3,298324.08666666667,894972.26,1016.7433333333333,3,0,2,1
C1052,Individual,Kimberly,Parker,,F,USA,Utah,Home,1,Yes,Agency,56.1013698630137,4,252000.135,1008000.54,836.9425,4,0,4,0
C1053,Individual,Adam,Kim,1974-10-11,M,Mexico,Nuevo Leon,Home,2,Yes,Website,51.83835616438356,3,426992.3,1280976.9,1336.61,3,0,3,0
C1054,Individual,Edward,Foster,1989-04-09,M,USA,Arizona,Home,2,Yes,Website,37.33424657534247,3,279306.86000000004,837920.5800000001,879.3433333333332,3,0,2,1
C1055,Individual,Jonathan,Bennett,,M,USA,New York,Investment,2,Yes,Website,56.1013698630137,3,270499.5933333333,811498.78,926.3966666666666,3,0,2,1
C1056,Individual,Larry,Wilson,,M,USA,Colorado,Home,1,Yes,Website,56.1013698630137,3,478784.25666666665,1436352.77,1754.9366666666667,3,0,2,1
C1057,Individual,Jesse,Garcia,,M,USA,Nevada,Investment,5,No,Website,56.1013698630137,4,357648.3825,1430593.53,1301.4,4,0,4,0
C1058,Individual,Rachel,Weaver,1973-12-06,F,Germany,Bavaria,Home,3,Yes,Website,52.68493150684932,4,381501.95499999996,1526007.8199999998,1190.4075,4,0,3,1
C1059,Individual,Danielle,Davis,,F,USA,California,Home,4,No,Website,56.1013698630137,3,422326.58666666667,1266979.76,1422.97,3,0,1,2
C1060,Individual,Christian,Evans,,M,USA,Nevada,Home,5,No,Agency,56.1013698630137,3,389208.3933333333,1167625.18,1321.5033333333333,3,0,3,0
C1061,Individual,Stephanie,Smith,1960-01-06,F,UK,Scotland,Home,1,No,Website,66.6109589041096,4,422441.8225,1689767.29,1422.9925,4,0,4,0
C1062,Individual,Billy,Foster,,M,USA,California,Home,4,No,Agency,56.1013698630137,4,441720.6325,1766882.53,1406.6075,4,0,4,0
C1063,Individual,Nicole,Weaver,1988-05-12,F,USA,New York,Investment,5,Yes,Website,38.24383561643835,3,438606.98,1315820.94,1354.2933333333333,3,0,2,1
C1064,Individual,Brandon,Pierce,1945-06-08,M,USA,California,Home,5,Yes,Website,81.2,3,231811.59,695434.77,883.7466666666668,3,0,2,1
C1065,Individual,Mark,Reyes,1955-06-01,M,USA,Georgia,Home,3,Yes,Client,71.21369863013699,3,369210.4466666667,1107631.34,1263.5766666666666,3,0,3,0
C1066,Individual,Ashley,Moore,,F,Australia,Victoria,Home,1,No,Website,56.1013698630137,4,302217.1925,1208868.77,990.9875000000001,4,0,3,1
C1067,Individual,Samuel,Howard,,M,Mexico,Jalisco,Investment,4,No,Agency,56.1013698630137,3,283000.4533333333,849001.36,904.0466666666667,3,0,2,1
C1068,Individual,Kathleen,Carter,1984-10-02,F,USA,California,Home,3,No,Agency,41.85479452054795,3,467943.77,1403831.31,1609.0333333333335,3,0,2,1
C1069,Individual,Lawrence,Cox,,M,USA,Virginia,Home,3,Yes,Agency,56.1013698630137,3,441253.6133333333,1323760.8399999999,1413.0600000000002,3,0,3,0
C1070,Individual,Virginia,Rogers,,F,Germany,Bavaria,Home,5,No,Agency,56.1013698630137,3,428755.0466666667,1286265.1400000001,1471.8999999999999,3,0,3,0
C1071,Individual,Aaron,Johnson,1966-11-08,M,USA,Texas,Home,2,No,Agency,59.76712328767123,4,261843.905,1047375.62,874.6275,4,0,3,1
C1072,Individual,Kimberly,Jones,1962-10-06,F,USA,Utah,Home,3,No,Agency,63.86027397260274,3,276628.31,829884.93,979.0866666666667,3,0,3,0
C1073,Individual,Carl,Collins,1955-02-07,M,USA,California,Investment,2,No,Website,71.52602739726028,4,299452.2075,1197808.83,952.0525,4,0,4,0
C1074,Individual,George,Foster,1954-10-07,M,UK,Northern Ireland,Home,1,No,Website,71.86301369863014,3,334900.14999999997,1004700.45,1092.5400000000002,3,0,2,1
C1075,Individual,Carolyn,Watson,,F,Mexico,Baja California,Home,3,No,Website,56.1013698630137,4,294600.02,1178400.08,984.9525,4,0,2,2
C1076,Individual,Betty,Thompson,,F,USA,Florida,Investment,3,No,Agency,56.1013698630137,3,294723.14666666667,884169.44,976.8166666666666,3,0,3,0
C1077,Individual,Peter,Griffin,1982-07-03,M,USA,Texas,Investment,2,No,Agency,44.106849315068494,4,366862.31,1467449.24,1245.935,4,0,3,1
C1078,Individual,Joshua,Howard,,M,USA,Ohio,Home,1,No,Agency,56.1013698630137,3,415779.19333333336,1247337.58,1303.7766666666666,3,0,3,0
C1079,Individual,Steven,Hayes,,M,USA,California,Investment,4,Yes,Website,56.1013698630137,3,383742.77,1151228.31,1336.61,3,0,3,0
C1080,Individual,Hannah,Stewart,1956-06-10,F,UK,England,Investment,4,No,Agency,70.18630136986302,4,398698.88,1594795.52,1425.28,4,0,4,0
C1081,Company,Meridian,Co,1974-08-09,M,Russia,Novosibirsk,Home,4,Yes,Agency,52.010958904109586,3,335528.23333333334,1006584.7,1203.39,3,0,3,0
C1082,Individual,Patricia,Martin,1993-04-02,F,USA,Oregon,Investment,5,Yes,Website,33.35068493150685,3,276499.95,829499.85,953.1133333333333,3,0,3,0
C1083,Individual,Pamela,Jackson,1950-06-10,F,USA,Colorado,Investment,4,No,Agency,76.1917808219178,4,286280.525,1145122.1,939.4875,4,0,3,1
C1084,Individual,Sarah,Hansen,,F,France,Ile-de-France,Home,4,No,Agency,56.1013698630137,4,339480.2875,1357921.15,1136.6925,4,0,3,1
C1085,Individual,Sarah,Flores,,F,Australia,Queensland,Investment,1,No,Client,56.1013698630137,3,265891.6766666667,797675.03,994.8266666666667,3,0,3,0
C1086,Individual,Timothy,Montgomery,1956-01-03,M,USA,Colorado,Home,1,Yes,Website,70.62191780821918,4,334956.8175,1339827.27,1030.21,4,0,3,1
C1087,Individual,Matthew,Owens,1984-03-01,M,USA,Colorado,Home,3,No,Website,42.443835616438356,4,469608.3025,1878433.21,1575.1075,4,0,4,0
C1088,Individual,Nicholas,Stewart,,M,USA,Utah,Home,4,Yes,Agency,56.1013698630137,3,267423.73,802271.19,883.7466666666666,3,0,3,0
C1089,Individual,Madison,Ward,,F,USA,Utah,Home,1,Yes,Website,56.1013698630137,4,239836.02,959344.08,828.375,4,0,3,1
C1090,Individual,Laura,Moore,1962-07-09,F,Canada,Alberta,Home,3,Yes,Client,64.1041095890411,3,405757.5266666667,1217272.58,1396.0966666666666,3,0,2,1
C1091,Individual,Arthur,Phillips,,M,USA,Nevada,Home,1,Yes,Agency,56.1013698630137,3,247265.83,741797.49,853.6566666666668,3,0,3,0
C1092,Individual,Terry,Adams,,M,USA,Oregon,Investment,2,No,Website,56.1013698630137,3,404416.01666666666,1213248.05,1452.2633333333333,3,0,3,0
C1093,Individual,Adam,Allen,,M,USA,Oregon,Home,1,Yes,Website,56.1013698630137,3,268467.61000000004,805402.8300000001,900.46,3,0,2,1
C1094,Individual,Sarah,Cook,1960-12-02,F,USA,Washington,Home,2,Yes,Website,65.7041095890411,4,407851.89,1631407.56,1273.5475000000001,4,0,3,1
C1095,Individual,Cynthia,Howard,,F,USA,California,Home,3,No,Agency,56.1013698630137,4,363591.56,1454366.24,1264.0125,4,0,4,0
C1096,Individual,Grace,Edwards,,F,USA,New York,Home,2,No,Client,56.1013698630137,4,439165.4775,1756661.91,1339.695,4,0,4,0
C1097,Individual,Teresa,Pierce,,F,Canada,Alberta,Home,3,Yes,Agency,56.1013698630137,3,354780.9366666667,1064342.81,1162.6166666666666,3,0,3,0
C1098,Individual,Paul,Young,,M,USA,California,Investment,3,No,Client,56.1013698630137,3,395924.74333333335,1187774.23,1290.0866666666668,3,0,2,1
C1099,Individual,Joan,Scott,,F,USA,Colorado,Home,3,No,Agency,56.1013698630137,4,356625.28,1426501.12,1153.0825,4,0,3,1
C1100,Individual,Frank,Thomas,,M,Russia,Novosibirsk,Home,1,No,Website,56.1013698630137,4,328556.39749999996,1314225.5899999999,1042.1725000000001,4,0,4,0
C1101,Individual,Matthew,King,1964-03-01,M,Belgium,Flanders,Home,5,No,Website,62.45753424657534,4,259478.60749999998,1037914.4299999999,868.5725,4,0,4,0
C1102,Company,Harmon,Co,1960-06-05,M,Germany,Berlin,Home,2,No,Agency,66.1972602739726,4,312114.0075,1248456.03,993.0625,4,0,4,0
C1103,Individual,Jose,Johnson,,M,Belgium,Wallonia,Home,4,No,Agency,56.1013698630137,4,301710.2025,1206840.81,997.415,4,0,3,1
C1104,Individual,Christian,Weaver,,M,USA,Utah,Investment,5,Yes,Website,56.1013698630137,3,297998.73,893996.19,1025.0133333333333,3,0,3,0
C1105,Individual,Roger,Ward,,M,USA,Nevada,Home,3,Yes,Website,56.1013698630137,4,405877.5775,1623510.31,1365.9450000000002,4,0,4,0
C1106,Individual,Sean,Martin,,M,USA,California,Home,1,No,Agency,56.1013698630137,3,257833.28333333333,773499.85,842.68,3,0,3,0
C1107,Individual,Frank,Hayes,,M,Canada,British Columbia,Home,1,No,Website,56.1013698630137,3,385509.1966666667,1156527.59,1268.0466666666669,3,0,3,0
C1108,Individual,Helen,Ward,1994-12-01,F,Australia,South Australia,Home,4,No,Website,31.684931506849313,3,356634.7,1069904.1,1238.36,3,0,3,0
C1109,Individual,Rebecca,Anderson,1967-05-09,F,USA,California,Home,1,Yes,Client,59.26849315068493,4,439241.3425,1756965.37,1458.93,4,0,3,1
C1110,Individual,Harold,Watson,1977-12-05,M,USA,New York,Home,5,Yes,Website,48.68493150684932,4,361364.5825,1445458.33,1152.9099999999999,4,0,2,2
C1111,Company,Corvus,Co,,M,USA,California,Home,4,Yes,Website,56.1013698630137,3,295048.7133333333,885146.14,897.3100000000001,3,0,3,0
C1112,Individual,Donald,Green,1982-05-01,M,USA,Nevada,Investment,3,Yes,Website,44.27945205479452,3,320533.13999999996,961599.4199999999,975.9433333333333,3,0,2,1
C1113,Individual,Brenda,Martin,,F,USA,Texas,Investment,2,No,Client,56.1013698630137,4,290692.72,1162770.88,942.0350000000001,4,0,3,1
C1114,Individual,Cheryl,Wood,1992-04-02,F,USA,California,Home,3,No,Website,34.35068493150685,3,290941.91,872825.73,1072.7266666666667,3,0,3,0
C1115,Individual,Joseph,Bell,,M,USA,Colorado,Home,3,Yes,Agency,56.1013698630137,3,351533.0633333333,1054599.19,1108.9966666666667,3,0,3,0
C1116,Individual,Angela,Freeman,,F,USA,California,Home,1,Yes,Agency,56.1013698630137,3,255650.65000000002,766951.9500000001,879.3433333333332,3,0,2,1
C1117,Individual,Rebecca,Patterson,,F,Mexico,Mexico City,Home,5,Yes,Website,56.1013698630137,4,287407.3725,1149629.49,1047.99,4,0,3,1
C1118,Company,Caldera,Co,,M,UK,Scotland,Investment,2,Yes,Website,56.1013698630137,3,286456.33,859368.99,983.3166666666666,3,0,3,0
C1119,Individual,Larry,Green,,M,USA,Oregon,Home,1,Yes,Website,56.1013698630137,3,312901.22,938703.6599999999,949.9033333333333,3,0,3,0
C1120,Individual,Kathleen,Carter,,F,USA,Arizona,Home,1,No,Website,56.1013698630137,4,342802.8225,1371211.29,1123.6174999999998,4,0,4,0
C1121,Individual,Carolyn,Gray,1985-02-06,F,USA,California,Home,1,No,Client,41.50684931506849,3,338220.5933333333,1014661.78,1124.5,3,0,2,1
C1122,Individual,Judith,Evans,1942-04-10,F,USA,California,Home,4,No,Website,84.36438356164383,4,389737.3,1558949.2,1208.8775,4,0,4,0
C1123,Individual,Robert,Pierce,1951-11-03,M,USA,Virginia,Home,5,No,Agency,74.79178082191781,3,413923.8133333333,1241771.44,1283.7066666666667,3,0,3,0
C1124,Individual,Sharon,Murray,1976-04-02,F,USA,Oregon,Investment,5,Yes,Website,50.36164383561644,4,318047.5025,1272190.01,1040.8899999999999,4,0,4,0
C1125,Individual,Ronald,Price,1941-03-02,M,USA,Oregon,Home,3,No,Agency,85.47123287671234,3,395635.69333333336,1186907.08,1332.34,3,0,1,2
C1126,Company,Elara,Co,,M,USA,Virginia,Home,1,Yes,Website,56.1013698630137,3,297829.39999999997,893488.2,1015.9399999999999,3,0,2,1
C1127,Individual,Ann,Cooper,,F,UK,England,Investment,1,No,Website,56.1013698630137,3,279576.13333333336,838728.4,932.37,3,0,2,1
C1128,Individual,Brian,Montgomery,1983-05-12,M,USA,California,Investment,1,No,Website,43.24931506849315,3,395544.8433333333,1186634.53,1330.8533333333332,3,0,3,0
C1129,Individual,Martha,Hansen,1945-03-09,F,USA,Colorado,Investment,5,No,Agency,81.44931506849315,4,365781.315,1463125.26,1219.4375,4,0,4,0
C1130,Individual,Tiffany,Parker,1987-01-03,F,USA,Arizona,Home,5,No,Website,39.6,4,331554.2525,1326217.01,1009.23,4,0,2,2
C1131,Individual,Cheryl,Kim,,F,USA,California,Investment,3,No,Website,56.1013698630137,3,403500.26333333337,1210500.79,1317.7333333333333,3,0,3,0
C1132,Individual,Terry,Roberts,,M,USA,New York,Home,2,Yes,Website,56.1013698630137,3,461300.42333333334,1383901.27,1448.82,3,0,3,0
C1133,Individual,Jason,Hansen,,M,USA,Oregon,Investment,3,No,Website,56.1013698630137,4,356754.98,1427019.92,1210.7375000000002,4,0,4,0
C1134,Individual,Dorothy,Bennett,1943-10-10,F,USA,California,Investment,1,No,Website,82.86301369863014,4,272145.945,1088583.78,905.0375,4,0,2,2
C1135,Individual,Melissa,Phillips,,F,Russia,Moscow Oblast,Investment,5,Yes,Client,56.1013698630137,3,395360.9166666667,1186082.75,1303.4733333333334,3,0,3,0
C1136,Individual,Shirley,Weaver,,F,USA,California,Home,3,Yes,Agency,56.1013698630137,3,338948.2133333333,1016844.64,1023.8800000000001,3,0,2,1
C1137,Individual,Carol,Price,,F,USA,Nevada,Home,4,Yes,Agency,56.1013698630137,3,371634.1433333333,1114902.43,1140.1733333333334,3,0,3,0
C1138,Individual,George,Green,,M,USA,Oregon,Home,1,No,Website,56.1013698630137,3,280200.9733333333,840602.9199999999,952.0733333333334,3,0,3,0
C1139,Individual,Tiffany,Green,1996-03-03,F,USA,California,Home,4,Yes,Client,30.43013698630137,3,432460.86333333334,1297382.59,1439.256666666667,3,0,2,1
C1140,Individual,Billy,Jackson,1976-01-07,M,USA,Florida,Home,1,Yes,Website,50.5972602739726,3,425269.9033333333,1275809.71,1277.2733333333333,3,0,2,1
C1141,Individual,Kimberly,Montgomery,,F,USA,Arizona,Investment,3,No,Website,56.1013698630137,3,330080.7766666667,990242.33,1101.55,3,0,3,0
C1142,Individual,Julia,Hughes,1948-10-03,F,USA,Colorado,Home,2,Yes,Agency,77.87671232876713,4,373170.0325,1492680.13,1222.37,4,0,4,0
C1143,Individual,Michael,Garcia,1994-10-09,M,USA,Arizona,Home,2,Yes,Website,31.83013698630137,3,369443.2233333333,1108329.67,1343.8166666666666,3,0,2,1
C1144,Individual,Diane,Young,1978-10-11,F,USA,Georgia,Investment,4,No,Client,47.83561643835616,4,311166.53,1244666.12,1027.0725,4,0,4,0
C1145,Individual,Ethan,King,1993-04-04,M,USA,Nevada,Home,5,No,Website,33.345205479452055,3,372950.10333333333,1118850.31,1267.4066666666668,3,0,3,0
C1146,Individual,Richard,Weaver,,M,USA,California,Investment,2,No,Website,56.1013698630137,3,345941.4766666667,1037824.43,1136.0866666666668,3,0,2,1
C1147,Individual,Brittany,Edwards,1978-09-02,F,USA,Utah,Home,3,No,Website,47.942465753424656,3,301771.61333333334,905314.84,1010.5300000000001,3,0,3,0
C1148,Individual,Joshua,Rogers,,M,Australia,New South Wales,Home,1,Yes,Agency,56.1013698630137,3,361225.8566666667,1083677.57,1221.3833333333334,3,0,3,0
C1149,Individual,Kimberly,Thomas,1980-06-03,F,Russia,Tatarstan,Home,3,No,Agency,46.18904109589041,4,319362.4975,1277449.99,1053.27,4,0,4,0
C1150,Individual,Tiffany,Cook,1992-08-11,F,USA,Nevada,Investment,4,No,Agency,33.99178082191781,3,492323.43333333335,1476970.3,1550.1266666666668,3,0,3,0
C1151,Individual,Tyler,Anderson,,M,USA,Arizona,Investment,2,No,Website,56.1013698630137,4,440000.08499999996,1760000.3399999999,1350.2175,4,0,4,0
C1152,Individual,Jason,Williams,,M,USA,Georgia,Home,1,No,Website,56.1013698630137,4,413732.08,1654928.32,1374.585,4,0,4,0
C1153,Individual,Scott,Sanders,,M,USA,California,Home,1,No,Website,56.1013698630137,3,335876.6666666667,1007630.0,1170.3533333333332,3,0,2,1
C1154,Individual,Jerry,Brown,1956-12-07,M,USA,Utah,Home,5,Yes,Agency,69.69315068493151,4,343472.49,1373889.96,1135.325,4,0,4,0
C1155,Individual,William,Young,1977-03-03,M,USA,California,Home,5,No,Website,49.443835616438356,3,525875.0,1577625.0,1679.1066666666666,3,0,2,1
C1156,Individual,Dorothy,Kim,,F,USA,Virginia,Home,4,No,Agency,56.1013698630137,3,286652.22000000003,859956.66,1008.13,3,0,3,0
C1157,Individual,Kenneth,Davis,1944-02-11,M,Canada,Alberta,Investment,2,No,Website,82.52328767123288,4,223520.095,894080.38,716.4525,4,0,4,0
C1158,Individual,Joan,Pierce,,F,USA,California,Investment,2,No,Website,56.1013698630137,3,313786.76333333337,941360.29,972.0533333333333,3,0,2,1
C1159,Individual,Gerald,Howard,,M,USA,Nevada,Investment,1,Yes,Website,56.1013698630137,3,390183.63999999996,1170550.92,1175.6833333333334,3,0,2,1
C1160,Individual,Walter,Griffin,,M,USA,Florida,Home,2,Yes,Website,56.1013698630137,4,339856.46499999997,1359425.8599999999,1101.9875,4,0,3,1
C1161,Individual,Stephen,White,1994-12-02,M,Canada,Alberta,Investment,3,Yes,Website,31.682191780821917,4,505604.0775,2022416.31,1486.3274999999999,4,0,3,1
C1162,Individual,Charles,Nelson,,M,USA,California,Investment,2,No,Website,56.1013698630137,4,279055.9075,1116223.63,872.6800000000001,4,0,4,0
C1163,Individual,Noah,Morales,,M,USA,California,Home,3,Yes,Website,56.1013698630137,4,300677.295,1202709.18,1059.8375,4,0,2,2
C1164,Individual,Emma,Watson,1968-11-04,F,Belgium,Wallonia,Home,3,Yes,Agency,57.775342465753425,4,328821.7575,1315287.03,1169.615,4,0,2,2
C1165,Individual,Victoria,Alexander,,F,Russia,Moscow Oblast,Home,1,No,Website,56.1013698630137,3,323568.4666666666,970705.3999999999,1079.9266666666665,3,0,3,0
C1166,Individual,Scott,Hall,,M,USA,New York,Investment,1,No,Website,56.1013698630137,4,290900.4475,1163601.79,939.4875,4,0,4,0
C1167,Individual,Kevin,Alexander,,M,UK,Scotland,Home,3,No,Website,56.1013698630137,3,387701.61000000004,1163104.83,1193.7733333333333,3,0,2,1
C1168,Individual,Brittany,Reyes,,F,Germany,Hamburg,Home,2,Yes,Agency,56.1013698630137,4,270267.2975,1081069.19,901.245,4,0,4,0
C1169,Individual,Noah,Bryant,1994-05-01,M,Russia,Saint Petersburg,Home,5,Yes,Agency,32.271232876712325,4,225075.055,900300.22,832.615,4,0,3,1
C1170,Individual,Amanda,Collins,1990-09-02,F,USA,Nevada,Home,1,Yes,Website,35.93424657534246,4,291488.905,1165955.62,1009.9325,4,0,3,1
C1171,Individual,Anna,Patterson,,F,USA,California,Investment,4,Yes,Website,56.1013698630137,4,390452.3125,1561809.25,1276.9875,4,0,4,0
C1172,Individual,Victoria,Freeman,1942-05-11,F,USA,Nevada,Home,5,No,Website,84.27945205479452,4,310068.6975,1240274.79,990.4475,4,0,3,1
C1173,Individual,Cheryl,Price,1984-02-11,F,Canada,Manitoba,Investment,1,No,Website,42.49589041095891,4,315268.0425,1261072.17,1014.9825,4,0,4,0
C1174,Individual,Kenneth,White,1982-06-07,M,USA,Nevada,Home,2,No,Agency,44.178082191780824,4,353699.7475,1414798.99,1244.8049999999998,4,0,3,1
C1175,Individual,Evelyn,Long,,F,USA,California,Home,2,No,Website,56.1013698630137,4,441558.155,1766232.62,1449.3775,4,0,4,0
C1176,Individual,Lauren,Baker,1975-03-06,F,USA,California,Investment,4,Yes,Agency,51.43835616438356,3,334442.9633333333,1003328.89,1170.3533333333332,3,0,1,2
C1177,Individual,Larry,Sanders,1998-05-09,M,USA,California,Investment,2,No,Agency,28.246575342465754,4,261806.06749999998,1047224.2699999999,816.1600000000001,4,0,2,2
C1178,Individual,Jessica,Richardson,,F,USA,California,Home,1,No,Agency,56.1013698630137,3,248217.02333333332,744651.07,801.46,3,0,3,0
C1179,Individual,Melissa,Anderson,1991-09-02,F,USA,California,Home,4,No,Agency,34.93424657534246,3,282717.34,848152.02,1045.8666666666668,3,0,3,0
C1180,Individual,Deborah,Miller,1995-11-07,F,Belgium,Brussels,Home,2,Yes,Website,30.75068493150685,4,277772.31,1111089.24,1050.5725,4,0,3,1
C1181,Individual,Judith,Hansen,,F,USA,Nevada,Investment,5,No,Website,56.1013698630137,3,247907.77,743723.3099999999,939.3299999999999,3,0,3,0
C1182,Individual,Christopher,Murray,1961-11-03,M,Germany,Bavaria,Investment,3,Yes,Website,64.78356164383561,4,380545.845,1522183.38,1269.065,4,0,4,0
C1183,Individual,Carl,Rogers,,M,USA,Arizona,Investment,1,No,Website,56.1013698630137,4,341148.47,1364593.88,1088.3825,4,0,4,0
C1184,Individual,David,Nelson,,M,France,Ile-de-France,Home,2,No,Website,56.1013698630137,3,166751.87666666668,500255.63,624.2366666666667,3,0,2,1
C1185,Individual,Ronald,Peterson,,M,USA,California,Home,3,No,Website,56.1013698630137,4,304642.7475,1218570.99,1029.9125,4,0,4,0
C1186,Individual,Victoria,Bennett,,F,USA,Nevada,Home,3,Yes,Website,56.1013698630137,3,380384.6533333333,1141153.96,1221.6766666666665,3,0,2,1
C1187,Individual,Melissa,Pierce,,F,USA,Nevada,Home,4,No,Website,56.1013698630137,3,365846.41,1097539.23,1092.5066666666667,3,0,3,0
C1188,Individual,Matthew,White,1995-01-11,M,Canada,Alberta,Home,1,No,Client,31.572602739726026,4,359383.8125,1437535.25,1190.4075,4,0,2,2
C1189,Individual,Peter,Alexander,,M,USA,Florida,Home,2,Yes,Client,56.1013698630137,4,295073.7725,1180295.09,989.2175,4,0,2,2
C1190,Individual,Sandra,Baker,1946-04-08,F,USA,Texas,Home,4,No,Client,80.36712328767123,4,339667.255,1358669.02,1115.61,4,0,4,0
C1191,Individual,Mary,Cox,,F,USA,California,Investment,3,No,Website,56.1013698630137,3,365179.60333333333,1095538.81,1357.1933333333334,3,0,2,1
C1192,Individual,Adam,Jones,2000-05-01,M,USA,Florida,Home,5,No,Website,26.265753424657536,4,277809.485,1111237.94,941.135,4,0,2,2
C1193,Individual,Amy,Owens,,F,UK,England,Home,1,No,Website,56.1013698630137,4,236699.06,946796.24,716.4525,4,0,2,2
C1194,Individual,Melissa,Brooks,,F,USA,Colorado,Home,1,No,Website,56.1013698630137,3,361652.51,1084957.53,1263.8633333333335,3,0,2,1
C1195,Individual,Anna,Pierce,1990-07-06,F,USA,California,Home,4,Yes,Agency,36.09315068493151,4,279559.7275,1118238.91,910.925,4,0,3,1
C1196,Individual,William,Freeman,1955-03-09,M,USA,Nevada,Home,2,No,Agency,71.44383561643835,4,432788.44,1731153.76,1356.32,4,0,4,0
C1197,Individual,Deborah,Roberts,1959-10-04,F,USA,Arizona,Home,4,No,Website,66.86849315068493,3,479865.19,1439595.57,1471.4466666666667,3,0,3,0
C1198,Individual,Lisa,Young,,F,USA,New York,Home,1,No,Agency,56.1013698630137,3,471797.1966666666,1415391.5899999999,1493.243333333333,3,0,2,1
C1199,Individual,Justin,Campbell,1943-03-03,M,USA,Colorado,Home,2,No,Website,83.46849315068494,4,253250.7225,1013002.89,910.2925,4,0,3,1
C1200,Individual,Henry,Taylor,1969-03-11,M,USA,Utah,Home,4,No,Agency,57.42739726027397,4,447400.33249999996,1789601.3299999998,1422.9925,4,0,3,1
C1201,Individual,Timothy,Stewart,,M,USA,Oregon,Investment,1,Yes,Website,56.1013698630137,4,265958.4775,1063833.91,896.2525,4,0,4,0
C1202,Company,Telnox,Co,1985-09-05,M,Canada,Quebec,Investment,5,Yes,Website,40.92876712328767,4,381778.79000000004,1527115.1600000001,1263.775,4,0,4,0
C1203,Individual,Ashley,Green,,F,USA,Arizona,Home,2,Yes,Website,56.1013698630137,3,361126.18333333335,1083378.55,1329.57,3,0,2,1
C1204,Individual,William,Reed,1992-03-04,M,Mexico,Puebla,Investment,2,Yes,Website,34.43013698630137,3,410452.08,1231356.24,1280.28,3,0,3,0
C1205,Individual,Patrick,Pierce,,M,Belgium,Flanders,Home,4,No,Website,56.1013698630137,3,322707.79333333333,968123.38,1076.69,3,0,3,0
C1206,Individual,Melissa,Baker,1957-09-12,F,USA,California,Investment,5,No,Website,68.92876712328767,3,313908.73,941726.19,1140.3999999999999,3,0,3,0
C1207,Individual,Lauren,Price,,F,USA,Texas,Home,5,Yes,Agency,56.1013698630137,4,271098.245,1084392.98,1010.095,4,0,3,1
C1208,Individual,Noah,Ward,,M,USA,Colorado,Home,1,No,Website,56.1013698630137,3,425673.2733333334,1277019.82,1477.03,3,0,2,1
C1209,Individual,Tiffany,Kim,1978-01-07,F,USA,California,Home,4,Yes,Website,48.59452054794521,4,300408.2525,1201633.01,1123.3175,4,0,4,0
C1210,Individual,Dennis,Cox,1991-04-06,M,USA,California,Investment,1,No,Website,35.342465753424655,4,286700.2075,1146800.83,897.47,4,0,3,1
C1211,Individual,Kathleen,Owens,1996-10-07,F,Canada,British Columbia,Home,5,Yes,Website,29.832876712328765,4,361981.755,1447927.02,1167.105,4,0,4,0
C1212,Individual,Lawrence,Gray,1957-11-07,M,USA,California,Home,1,No,Agency,68.77534246575343,4,263072.69,1052290.76,904.0100000000001,4,0,4,0
C1213,Individual,Ruth,Martin,1993-06-08,F,Canada,Manitoba,Home,5,No,Website,33.16712328767123,3,276487.1866666667,829461.56,899.9899999999999,3,0,3,0
C1214,Individual,Jennifer,Peterson,2000-10-08,F,USA,Florida,Home,1,No,Agency,25.827397260273973,4,431254.60250000004,1725018.4100000001,1446.1125,4,0,4,0
C1215,Individual,Charles,Patterson,,M,USA,California,Home,3,No,Website,56.1013698630137,3,380141.1266666667,1140423.3800000001,1104.51,3,0,1,2
C1216,Individual,Martha,Jordan,1997-10-07,F,France,Normandy,Home,4,No,Website,28.832876712328765,3,397128.12333333335,1191384.37,1464.8466666666666,3,0,3,0
C1217,Individual,William,Carter,1997-05-01,M,USA,California,Investment,4,Yes,Website,29.268493150684932,3,335734.9266666667,1007204.78,1186.4366666666667,3,0,3,0
C1218,Individual,Teresa,Smith,,F,USA,California,Home,1,Yes,Website,56.1013698630137,4,327153.39249999996,1308613.5699999998,1121.525,4,0,4,0
C1219,Individual,Danielle,Howard,1983-06-12,F,USA,Arizona,Home,1,Yes,Website,43.16438356164384,3,289136.42333333334,867409.27,1074.6233333333332,3,0,3,0
C1220,Individual,Christina,Martin,1967-08-09,F,USA,Colorado,Investment,4,Yes,Website,59.016438356164386,4,367799.9375,1471199.75,1254.045,4,0,3,1
C1221,Individual,Cynthia,Thomas,,F,USA,Nevada,Investment,2,No,Agency,56.1013698630137,3,451622.9766666666,1354868.93,1565.3233333333335,3,0,3,0
C1222,Individual,Christopher,Taylor,1969-07-01,M,USA,Utah,Home,4,No,Website,57.12054794520548,3,439783.2866666666,1319349.8599999999,1362.3833333333334,3,0,3,0
C1223,Individual,Sharon,Stone,,F,USA,Washington,Home,4,No,Website,56.1013698630137,3,357527.5933333333,1072582.78,1369.7300000000002,3,0,3,0
C1224,Individual,Paul,Carter,,M,USA,New York,Investment,5,Yes,Client,56.1013698630137,3,275746.09,827238.27,964.2666666666665,3,0,3,0
C1225,Individual,Larry,James,1990-10-11,M,USA,Oregon,Home,2,No,Website,35.827397260273976,3,374195.89999999997,1122587.7,1168.3366666666668,3,0,2,1
C1226,Individual,Michael,Sanders,1989-01-05,M,USA,Utah,Home,4,No,Website,37.59178082191781,3,324198.71,972596.1300000001,1082.8966666666668,3,0,3,0
C1227,Individual,Alexander,Reyes,,M,USA,Colorado,Home,3,Yes,Agency,56.1013698630137,4,537883.6825,2151534.73,1676.3825,4,0,4,0
C1228,Individual,Joseph,Howard,1954-07-07,M,USA,California,Home,2,No,Website,72.11506849315069,3,352906.25666666665,1058718.77,1124.5,3,0,3,0
C1229,Individual,Madison,Reyes,1994-02-11,F,UK,Scotland,Home,1,Yes,Website,32.487671232876714,3,395042.26,1185126.78,1303.4733333333334,3,0,3,0
C1230,Individual,Lawrence,Parker,,M,USA,California,Home,5,No,Client,56.1013698630137,3,253324.38333333333,759973.15,801.46,3,0,1,2
C1231,Individual,Betty,Carter,1954-09-12,F,USA,California,Home,2,No,Agency,71.93150684931507,3,286568.38999999996,859705.1699999999,922.6666666666666,3,0,1,2
C1232,Individual,Mary,Jackson,,F,Canada,British Columbia,Home,3,No,Website,56.1013698630137,4,381843.2575,1527373.03,1173.8125,4,0,4,0
C1233,Individual,Brian,Scott,1979-05-08,M,USA,Utah,Home,4,No,Website,47.26301369863014,3,312095.93333333335,936287.8,1078.7866666666666,3,0,3,0
C1234,Individual,Karen,King,,F,USA,Colorado,Investment,1,No,Website,56.1013698630137,4,365797.57,1463190.28,1278.045,4,0,4,0
C1235,Individual,Michael,Morales,,M,USA,Arizona,Home,2,No,Website,56.1013698630137,4,317836.02749999997,1271344.1099999999,1025.3225,4,0,3,1
C1236,Individual,Brandon,Cook,,M,USA,Arizona,Home,4,Yes,Website,56.1013698630137,4,436941.505,1747766.02,1415.4825,4,0,4,0
C1237,Individual,Helen,Cook,,F,UK,Wales,Investment,4,Yes,Website,56.1013698630137,3,229411.24666666667,688233.74,775.5666666666666,3,0,2,1
C1238,Individual,Joshua,Bennett,,M,USA,Nevada,Home,1,Yes,Agency,56.1013698630137,4,412218.3925,1648873.57,1343.6575,4,0,4,0
C1239,Individual,Catherine,Adams,1953-07-02,F,USA,Oregon,Home,3,No,Agency,73.12876712328767,4,364260.27,1457041.08,1114.2125,4,0,4,0
C1240,Individual,Gloria,Wright,1984-12-11,F,USA,Nevada,Investment,4,Yes,Website,41.66301369863014,3,339531.48000000004,1018594.4400000001,1104.51,3,0,2,1
C1241,Individual,Danielle,Martin,,F,USA,California,Home,1,No,Agency,56.1013698630137,4,289271.14749999996,1157084.5899999999,948.835,4,0,4,0
C1242,Individual,Gerald,Collins,,M,USA,California,Home,3,Yes,Website,56.1013698630137,3,351947.5933333333,1055842.78,1138.4233333333334,3,0,3,0
C1243,Individual,Jeffrey,Edwards,1948-04-10,M,USA,Colorado,Home,1,No,Website,78.35890410958905,4,354875.51,1419502.04,1246.6175,4,0,4,0
C1244,Individual,Joseph,Phillips,1992-10-06,M,USA,Utah,Investment,5,Yes,Website,33.83835616438356,3,479436.6433333333,1438309.93,1513.17,3,0,1,2
C1245,Individual,Edward,Reyes,1963-10-02,M,USA,California,Home,3,Yes,Agency,62.87123287671233,3,474173.17,1422519.51,1529.4633333333334,3,0,3,0
C1246,Individual,Joyce,Jackson,1943-10-05,F,Canada,Alberta,Home,2,No,Agency,82.87671232876713,3,286661.49,859984.47,980.8699999999999,3,0,2,1
C1247,Individual,Judy,Moore,1957-09-04,F,USA,Nevada,Investment,2,No,Website,68.95068493150686,4,443604.07999999996,1774416.3199999998,1489.73,4,0,4,0
C1248,Individual,Sara,Scott,1976-04-07,F,USA,Arizona,Home,3,No,Agency,50.347945205479455,3,262298.63,786895.89,899.62,3,0,3,0
C1249,Individual,Janet,James,,F,USA,California,Investment,1,No,Website,56.1013698630137,4,322484.66000000003,1289938.6400000001,1146.0149999999999,4,0,2,2
C1250,Individual,Jordan,Stewart,,M,USA,Nevada,Home,5,No,Agency,56.1013698630137,3,527553.87,1582661.61,1674.54,3,0,2,1
C1251,Individual,Aaron,Thompson,1975-01-11,M,USA,Texas,Investment,5,No,Website,51.586301369863016,4,311678.5925,1246714.37,967.0,4,0,2,2
C1252,Individual,Margaret,Cook,,F,USA,Arizona,Home,3,Yes,Website,56.1013698630137,3,379224.51666666666,1137673.55,1221.6766666666665,3,0,3,0
C1253,Individual,Jason,Flores,,M,USA,California,Home,2,No,Agency,56.1013698630137,3,255720.74000000002,767162.2200000001,814.3533333333334,3,0,2,1
C1254,Individual,Ethan,Freeman,1956-04-04,M,USA,California,Home,5,Yes,Agency,70.36986301369863,4,401012.72000000003,1604050.8800000001,1279.9,4,0,4,0
C1255,Individual,Mark,Patterson,,M,USA,California,Home,3,No,Agency,56.1013698630137,4,276282.5475,1105130.19,942.035,4,0,3,1
C1256,Company,Triton,Co,,F,USA,California,Investment,4,No,Agency,56.1013698630137,3,409097.67333333334,1227293.02,1357.1933333333334,3,0,2,1
C1257,Individual,Michael,Scott,,M,USA,California,Home,5,Yes,Agency,56.1013698630137,3,283516.71,850550.13,893.3766666666667,3,0,3,0
C1258,Individual,Betty,Stone,,F,USA,Nevada,Home,1,No,Website,56.1013698630137,4,253909.0475,1015636.19,821.355,4,0,3,1
C1259,Individual,William,Edwards,,M,USA,California,Investment,3,Yes,Agency,56.1013698630137,4,314191.6275,1256766.51,1004.1575,4,0,3,1
C1260,Individual,Elizabeth,Ward,,F,USA,California,Home,2,No,Agency,56.1013698630137,4,408362.335,1633449.34,1423.1725,4,0,3,1
C1261,Individual,Patrick,Kim,1976-03-09,M,USA,Utah,Home,3,No,Client,50.42739726027397,3,497054.5733333333,1491163.72,1504.28,3,0,3,0
C1262,Individual,Dorothy,Evans,1950-10-11,F,USA,California,Investment,4,No,Agency,75.85479452054794,3,320475.12333333335,961425.37,1077.3233333333335,3,0,3,0
C1263,Individual,Lawrence,Alexander,,M,USA,California,Investment,3,No,Agency,56.1013698630137,4,493846.05000000005,1975384.2000000002,1602.67,4,0,4,0
C1264,Individual,Sarah,Garcia,1999-06-12,F,USA,California,Investment,1,No,Agency,27.153424657534245,3,429057.82,1287173.46,1452.2633333333333,3,0,2,1
C1265,Individual,Gary,White,,M,USA,Washington,Home,1,Yes,Agency,56.1013698630137,3,356810.98666666663,1070432.96,1325.71,3,0,3,0
C1266,Individual,Christopher,Hughes,,M,UK,England,Home,2,No,Website,56.1013698630137,4,301072.9325,1204291.73,1101.9875,4,0,4,0
C1267,Individual,Dorothy,Peterson,1965-07-04,F,USA,Colorado,Home,3,Yes,Website,61.11506849315069,3,466644.6266666667,1399933.8800000001,1529.4633333333334,3,0,3,0
C1268,Individual,Gloria,Green,1995-01-10,F,UK,Northern Ireland,Investment,1,Yes,Website,31.575342465753426,3,322976.0833333333,968928.25,1003.3133333333334,3,0,3,0
C1269,Individual,Jack,Bennett,,M,USA,California,Home,5,No,Website,56.1013698630137,3,348845.0,1046535.0,1169.0466666666669,3,0,3,0
C1270,Individual,Cheryl,Ward,,F,USA,Texas,Home,4,No,Agency,56.1013698630137,3,436811.8433333333,1310435.53,1465.92,3,0,3,0
C1271,Individual,Noah,Anderson,1992-10-09,M,USA,California,Home,2,Yes,Agency,33.83013698630137,4,324227.9625,1296911.85,1040.5175,4,0,3,1
C1272,Individual,Ryan,Collins,,M,France,Occitanie,Home,1,Yes,Website,56.1013698630137,3,259610.26666666663,778830.7999999999,899.62,3,0,3,0
C1273,Individual,Gerald,Jordan,,M,Canada,Alberta,Home,5,No,Website,56.1013698630137,3,487360.1066666667,1462080.32,1592.1233333333332,3,0,3,0
C1274,Individual,Linda,Jones,1979-09-07,F,USA,California,Investment,1,Yes,Website,46.92876712328767,3,346277.2833333334,1038831.8500000001,1193.7733333333333,3,0,3,0
C1275,Individual,Jessica,Roberts,,F,USA,Georgia,Investment,1,No,Website,56.1013698630137,4,434398.25,1737593.0,1312.8225,4,0,3,1
C1276,Individual,Arthur,Griffin,1940-09-03,M,Australia,Victoria,Home,1,Yes,Agency,85.96438356164384,3,545305.99,1635917.97,1754.9366666666667,3,0,1,2
C1277,Individual,Lauren,Griffin,1981-01-04,F,USA,California,Investment,2,No,Agency,45.6,3,423416.8933333333,1270250.68,1267.4066666666668,3,0,2,1
C1278,Individual,Arthur,Griffin,,M,USA,Utah,Home,4,No,Website,56.1013698630137,3,228529.27000000002,685587.81,791.0400000000001,3,0,3,0
C1279,Individual,Peter,Martin,1943-12-10,M,USA,California,Home,4,Yes,Website,82.69589041095891,3,426041.1966666667,1278123.59,1366.5633333333335,3,0,3,0
C1280,Individual,Jacob,Bennett,,M,USA,Texas,Home,2,Yes,Website,56.1013698630137,3,431945.56,1295836.68,1445.2933333333333,3,0,3,0
C1281,Individual,Deborah,Edwards,1998-12-06,F,Canada,Manitoba,Investment,2,Yes,Website,27.66849315068493,3,296437.38,889312.14,899.9899999999999,3,0,3,0
C1282,Individual,Ashley,Taylor,,F,USA,Colorado,Investment,3,Yes,Agency,56.1013698630137,4,325749.65,1302998.6,1155.47,4,0,4,0
C1283,Individual,Janice,Collins,1945-08-11,F,USA,New York,Home,3,No,Agency,81.02465753424657,4,369762.735,1479050.94,1185.59,4,0,2,2
C1284,Individual,Patrick,Bennett,,M,USA,California,Home,2,No,Website,56.1013698630137,4,360966.3775,1443865.51,1111.6475,4,0,3,1
C1285,Individual,Steven,Cox,1954-02-03,M,USA,Utah,Home,4,Yes,Website,72.53698630136986,3,536530.86,1609592.58,1680.5266666666666,3,0,2,1
C1286,Individual,Stephen,Evans,1963-10-07,M,USA,California,Home,5,No,Agency,62.85753424657534,3,401102.3033333333,1203306.91,1192.5933333333332,3,0,3,0
C1287,Individual,Diane,Hughes,1998-07-04,F,USA,California,Investment,4,No,Website,28.09315068493151,3,281193.79,843581.37,901.6266666666667,3,0,1,2
C1288,Individual,Sean,Cooper,,M,Belgium,Wallonia,Home,3,No,Agency,56.1013698630137,3,323712.23000000004,971136.6900000001,1155.4633333333334,3,0,3,0
C1289,Individual,Samuel,Freeman,,M,Mexico,Jalisco,Investment,1,Yes,Agency,56.1013698630137,4,269040.46499999997,1076161.8599999999,854.58,4,0,4,0
C1290,Individual,Teresa,Long,,F,USA,Washington,Home,3,Yes,Website,56.1013698630137,4,333108.22750000004,1332432.9100000001,1195.1875,4,0,4,0
C1291,Individual,Paul,Johnson,1983-09-11,M,USA,California,Investment,5,Yes,Website,42.915068493150685,3,374467.82,1123403.46,1240.6066666666666,3,0,3,0
C1292,Individual,Jordan,Evans,,M,USA,Texas,Investment,5,Yes,Website,56.1013698630137,4,274841.485,1099365.94,1000.415,4,0,3,1
C1293,Individual,Anna,Wright,1972-01-08,F,USA,California,Home,1,No,Agency,54.5972602739726,4,463392.52,1853570.08,1552.15,4,0,3,1
C1294,Individual,Henry,Davis,1963-09-02,M,Canada,Ontario,Investment,3,Yes,Agency,62.95342465753425,3,406844.4266666667,1220533.28,1371.6133333333335,3,0,3,0
C1295,Individual,Anna,Bryant,,F,USA,California,Investment,1,Yes,Website,56.1013698630137,4,369709.1425,1478836.57,1202.2649999999999,4,0,4,0
C1296,Individual,Keith,Hughes,1963-02-06,M,USA,Virginia,Home,1,No,Website,63.52328767123288,3,341709.23666666663,1025127.71,1089.46,3,0,2,1
C1297,Company,Vertex,Co,1983-06-09,M,Germany,Berlin,Home,5,No,Website,43.172602739726024,3,389955.39666666667,1169866.19,1267.4066666666668,3,0,2,1
C1298,Individual,Margaret,Taylor,1968-04-08,F,USA,California,Home,2,No,Agency,58.35068493150685,4,392840.0275,1571360.11,1276.8225,4,0,4,0
C1299,Individual,Karen,James,1944-05-05,F,USA,California,Investment,3,No,Website,82.2931506849315,3,432200.13999999996,1296600.42,1440.1933333333334,3,0,3,0
C1300,Individual,Judith,Collins,1961-06-01,F,USA,California,Home,2,No,Website,65.20821917808219,3,476256.95999999996,1428770.88,1451.5366666666669,3,0,1,2
C1301,Individual,Benjamin,Hayes,,M,USA,Virginia,Home,2,No,Agency,56.1013698630137,3,247379.96,742139.88,851.8699999999999,3,0,2,1
C1302,Individual,Jerry,Anderson,,M,USA,Arizona,Investment,5,No,Website,56.1013698630137,4,427383.15,1709532.6,1486.3274999999999,4,0,3,1
C1303,Individual,Christian,Miller,,M,USA,Arizona,Home,3,Yes,Website,56.1013698630137,3,326472.99333333335,979418.98,1106.3533333333332,3,0,3,0
C1304,Individual,Angela,Cook,1985-08-06,F,USA,California,Investment,1,No,Website,41.010958904109586,3,321915.9366666667,965747.81,1049.3799999999999,3,0,3,0
C1305,Individual,Catherine,Anderson,,F,USA,Georgia,Home,4,No,Website,56.1013698630137,4,258547.725,1034190.9,853.07,4,0,4,0
C1306,Individual,Kathleen,Morales,,F,USA,Washington,Home,5,No,Website,56.1013698630137,3,322364.92,967094.76,1090.7733333333333,3,0,2,1
C1307,Individual,Rachel,Rogers,,F,USA,Colorado,Home,5,No,Agency,56.1013698630137,3,306813.00666666665,920439.02,1012.96,3,0,3,0
C1308,Individual,Timothy,Sanders,2000-04-03,M,USA,California,Investment,5,No,Agency,26.34246575342466,4,340889.7825,1363559.13,1042.1975,4,0,3,1
C1309,Individual,David,Reyes,1999-06-12,M,USA,California,Home,5,No,Website,27.153424657534245,3,486723.8033333334,1460171.4100000001,1674.54,3,0,3,0
C1310,Individual,Ann,Roberts,1955-04-05,F,USA,New York,Home,5,No,Agency,71.36986301369863,4,311083.53500000003,1244334.1400000001,1077.195,4,0,4,0
C1311,Individual,Christopher,Ward,,M,UK,England,Home,4,Yes,Client,56.1013698630137,3,450758.5466666667,1352275.6400000001,1330.2166666666667,3,0,3,0
C1312,Individual,Timothy,Stone,1942-03-09,M,USA,New York,Home,5,No,Website,84.45205479452055,3,262292.35333333333,786877.06,801.46,3,0,3,0
C1313,Individual,Heather,Reed,,F,Australia,Western Australia,Investment,3,No,Website,56.1013698630137,3,332526.5366666667,997579.61,1138.4233333333334,3,0,3,0
C1314,Individual,Rachel,Miller,,F,USA,Arizona,Home,3,No,Website,56.1013698630137,3,267776.41,803329.23,1037.11,3,0,3,0
C1315,Individual,Joshua,Garcia,,M,USA,Colorado,Home,3,No,Agency,56.1013698630137,3,355436.16,1066308.48,1136.21,3,0,3,0
C1316,Individual,Emma,King,1993-09-05,F,USA,Colorado,Home,2,Yes,Website,32.92328767123288,4,309540.7425,1238162.97,1052.8325,4,0,4,0
C1317,Company,Atlas,Co,,M,USA,Utah,Home,2,Yes,Website,56.1013698630137,3,438400.04000000004,1315200.12,1460.493333333333,3,0,3,0
C1318,Individual,William,Montgomery,,M,USA,Texas,Home,1,No,Website,56.1013698630137,4,355980.995,1423923.98,1169.615,4,0,3,1
C1319,Individual,Grace,James,,F,USA,Florida,Home,3,Yes,Client,56.1013698630137,4,356176.0325,1424704.13,1227.645,4,0,4,0
C1320,Individual,Peter,Reyes,1969-03-05,M,USA,California,Investment,1,No,Website,57.443835616438356,3,359231.01333333337,1077693.04,1129.1766666666665,3,0,3,0
C1321,Individual,Christopher,Reed,1990-11-09,M,USA,Colorado,Investment,5,No,Client,35.74794520547945,3,262615.79,787847.37,853.8133333333334,3,0,3,0
C1322,Individual,Barbara,Reyes,,F,USA,California,Home,5,No,Agency,56.1013698630137,3,364675.4466666666,1094026.3399999999,1255.1200000000001,3,0,3,0
C1323,Individual,Nicholas,Moore,,M,USA,Utah,Home,3,No,Website,56.1013698630137,4,295163.65,1180654.6,975.4225,4,0,4,0
C1324,Individual,Carl,Edwards,,M,USA,Arizona,Investment,2,Yes,Agency,56.1013698630137,3,441102.17,1323306.51,1471.6200000000001,3,0,3,0
C1325,Individual,George,Jones,1974-09-12,M,Canada,Alberta,Home,5,Yes,Agency,51.917808219178085,4,345073.14,1380292.56,1098.1675,4,0,4,0
C1326,Individual,Brandon,Mitchell,,M,USA,Colorado,Investment,4,No,Website,56.1013698630137,4,372394.5025,1489578.01,1239.145,4,0,3,1
C1327,Individual,Betty,Carter,,F,USA,California,Home,4,Yes,Website,56.1013698630137,3,221339.27000000002,664017.81,775.5666666666666,3,0,3,0
C1328,Individual,Sandra,Cooper,,F,USA,Washington,Home,4,No,Website,56.1013698630137,4,334320.8225,1337283.29,1173.8125,4,0,4,0
C1329,Individual,Scott,Parker,,M,USA,California,Investment,3,Yes,Agency,56.1013698630137,3,347265.85333333333,1041797.56,1127.1499999999999,3,0,3,0
C1330,Individual,Kelly,James,1975-02-05,F,USA,Colorado,Investment,2,No,Agency,51.51780821917808,4,208774.2175,835096.87,699.545,4,0,3,1
C1331,Individual,Christina,Bennett,1986-06-10,F,USA,California,Investment,1,No,Agency,40.16712328767123,3,349319.37,1047958.11,1113.29,3,0,0,3
C1332,Individual,Michael,Howard,1995-11-12,M,USA,Washington,Investment,5,Yes,Agency,30.736986301369864,3,409117.87666666665,1227353.63,1350.4933333333333,3,0,3,0
C1333,Individual,Jack,Hansen,,M,USA,Nevada,Investment,2,Yes,Website,56.1013698630137,4,341077.6125,1364310.45,1146.9925,4,0,3,1
C1334,Individual,Victoria,Nelson,1965-08-12,F,USA,California,Home,5,Yes,Agency,61.00821917808219,4,476660.445,1906641.78,1552.15,4,0,3,1
C1335,Individual,Elizabeth,Hall,1982-01-05,F,USA,Oregon,Investment,2,Yes,Website,44.5972602739726,3,333836.86000000004,1001510.5800000001,1070.1933333333334,3,0,3,0
C1336,Individual,Joyce,Thompson,1948-09-12,F,USA,California,Home,5,No,Client,77.93424657534247,4,342897.85,1371591.4,1182.3725,4,0,3,1
C1337,Individual,Jennifer,Johnson,,F,USA,California,Investment,5,No,Website,56.1013698630137,4,327747.4275,1310989.71,1073.905,4,0,3,1
C1338,Individual,Christine,James,1968-01-12,F,USA,California,Home,2,Yes,Website,58.58904109589041,3,365606.2133333333,1096818.64,1169.0466666666669,3,0,3,0
C1339,Company,Rexon,Co,,M,USA,Nevada,Home,4,Yes,Website,56.1013698630137,4,383085.1575,1532340.63,1338.9,4,0,3,1
C1340,Company,Forsyte,Co,1988-05-12,M,USA,Colorado,Home,5,No,Website,38.24383561643835,4,436512.4825,1746049.93,1421.4650000000001,4,0,3,1
C1341,Individual,Julie,Cox,,F,USA,Colorado,Home,5,Yes,Website,56.1013698630137,3,252231.61000000002,756694.8300000001,952.2633333333333,3,0,3,0
C1342,Individual,Maria,Griffin,,F,USA,California,Home,1,Yes,Agency,56.1013698630137,3,307574.0633333333,922722.19,1003.3133333333334,3,0,3,0
C1343,Individual,Megan,Turner,,F,Canada,Ontario,Home,5,No,Agency,56.1013698630137,3,335049.54666666663,1005148.6399999999,1161.5433333333333,3,0,3,0
C1344,Individual,Carl,Phillips,,M,USA,Florida,Home,1,No,Agency,56.1013698630137,4,329872.73,1319490.92,1139.4675,4,0,4,0
C1345,Individual,Mary,Parker,,F,USA,Texas,Home,5,No,Website,56.1013698630137,3,314155.80333333334,942467.41,1049.3066666666666,3,0,2,1
C1346,Company,Triton,Co,,F,USA,Colorado,Investment,4,No,Agency,56.1013698630137,3,345874.4633333334,1037623.3900000001,1088.5866666666668,3,0,1,2
C1347,Individual,Mark,James,,M,USA,Washington,Home,2,No,Client,56.1013698630137,3,333901.82666666666,1001705.48,1090.9466666666667,3,0,3,0
C1348,Individual,Peter,Harris,,M,USA,Oregon,Home,4,Yes,Client,56.1013698630137,3,340436.6433333333,1021309.9299999999,1186.05,3,0,3,0
C1349,Individual,Joyce,Johnson,,F,USA,Virginia,Investment,3,No,Website,56.1013698630137,3,257728.78,773186.34,952.0733333333334,3,0,2,1
C1350,Individual,Julia,King,,F,Germany,Hamburg,Home,5,No,Website,56.1013698630137,4,185824.22,743296.88,632.215,4,0,4,0
C1351,Individual,Judith,Long,,F,Australia,South Australia,Home,2,No,Client,56.1013698630137,4,350114.3525,1400457.41,1234.8075000000001,4,0,4,0
C1352,Individual,Benjamin,Gray,,M,USA,California,Home,2,Yes,Agency,56.1013698630137,3,511987.7266666666,1535963.18,1635.6233333333332,3,0,2,1
C1353,Individual,Debra,Jackson,,F,Canada,Alberta,Home,1,No,Agency,56.1013698630137,3,177532.74666666667,532598.24,564.01,3,0,3,0
C1354,Individual,Patrick,Johnson,1941-09-04,M,USA,Florida,Home,5,No,Website,84.96164383561644,3,515266.64666666667,1545799.94,1685.2766666666666,3,0,2,1
C1355,Individual,Shirley,Owens,,F,USA,California,Investment,2,Yes,Client,56.1013698630137,3,415148.9266666666,1245446.7799999998,1523.6933333333334,3,0,2,1
C1356,Individual,Jonathan,Morales,,M,USA,Oregon,Investment,4,No,Agency,56.1013698630137,3,496745.87333333335,1490237.62,1648.5966666666666,3,0,3,0
C1357,Individual,Danielle,Patterson,1987-01-03,F,USA,California,Home,5,Yes,Website,39.6,3,359127.8466666667,1077383.54,1104.51,3,0,3,0
C1358,Individual,Gregory,Taylor,1943-05-01,M,USA,Texas,Home,4,No,Agency,83.30684931506849,3,321726.9433333333,965180.83,1078.7866666666666,3,0,2,1
C1359,Individual,Gary,Owens,,M,USA,Virginia,Home,3,No,Agency,56.1013698630137,4,345333.825,1381335.3,1093.05,4,0,4,0
C1360,Individual,Billy,Nelson,,M,USA,Virginia,Home,4,No,Agency,56.1013698630137,3,333668.8466666667,1001006.54,1111.2966666666666,3,0,3,0
C1361,Individual,Ashley,Owens,,F,USA,California,Home,3,No,Client,56.1013698630137,4,382315.075,1529260.3,1296.5625,4,0,3,1
C1362,Individual,Laura,Jordan,,F,USA,California,Investment,1,Yes,Agency,56.1013698630137,4,248282.96,993131.84,894.905,4,0,4,0
C1363,Individual,James,Stone,1981-04-06,M,USA,Georgia,Home,5,Yes,Agency,45.347945205479455,4,277479.83999999997,1109919.3599999999,942.035,4,0,3,1
C1364,Individual,Andrea,Watson,,F,USA,California,Investment,1,No,Website,56.1013698630137,4,300394.7325,1201578.93,1120.62,4,0,4,0
C1365,Individual,Tiffany,Sanders,,F,Belgium,Brussels,Investment,5,Yes,Website,56.1013698630137,4,360973.505,1443894.02,1260.0625,4,0,4,0
C1366,Individual,George,Thompson,,M,USA,California,Home,1,No,Website,56.1013698630137,3,496175.0433333333,1488525.13,1678.6133333333335,3,0,3,0
C1367,Individual,Stephanie,Jordan,1953-11-01,F,Germany,Berlin,Home,2,No,Client,72.79452054794521,3,345296.5,1035889.5,1124.5,3,0,2,1
C1368,Individual,Jose,Gray,,M,USA,California,Home,5,Yes,Client,56.1013698630137,4,344744.8725,1378979.49,1042.6625,4,0,2,2
C1369,Individual,Peter,Garcia,1983-07-10,M,France,Brittany,Home,4,Yes,Agency,43.087671232876716,4,403848.53,1615394.12,1338.9,4,0,4,0
C1370,Individual,Frank,Evans,1965-04-06,M,USA,Colorado,Investment,1,No,Agency,61.35890410958904,4,208664.8075,834659.23,700.7825,4,0,4,0
C1371,Individual,Timothy,Thomas,,M,UK,England,Home,2,Yes,Website,56.1013698630137,4,259170.2975,1036681.19,948.835,4,0,4,0
C1372,Individual,Lisa,Turner,,F,USA,Washington,Investment,2,No,Website,56.1013698630137,3,291624.26666666666,874872.8,1049.3066666666666,3,0,3,0
C1373,Individual,Melissa,Evans,1992-11-10,F,USA,California,Home,3,Yes,Website,33.74246575342466,3,425221.09,1275663.27,1221.6766666666665,3,0,3,0
C1374,Company,Quasar,Co,,M,France,Ile-de-France,Home,3,Yes,Agency,56.1013698630137,3,410196.76,1230590.28,1321.5233333333333,3,0,2,1
C1375,Individual,Carolyn,Flores,,F,USA,California,Investment,4,Yes,Agency,56.1013698630137,4,274295.59750000003,1097182.3900000001,987.505,4,0,3,1
C1376,Individual,Carolyn,Edwards,,F,USA,Arizona,Investment,3,Yes,Agency,56.1013698630137,3,424129.0999999999,1272387.2999999998,1493.243333333333,3,0,2,1
C1377,Individual,Laura,Long,1984-04-01,F,USA,Utah,Investment,2,No,Website,42.35890410958904,3,276147.13666666666,828441.4099999999,862.1066666666666,3,0,3,0
C1378,Individual,Maria,Morales,,F,USA,California,Investment,1,No,Website,56.1013698630137,3,466579.9566666667,1399739.87,1464.8466666666666,3,0,3,0
C1379,Individual,Kevin,Gray,1970-11-06,M,UK,Scotland,Home,2,No,Website,55.76986301369863,3,275922.5633333333,827767.69,1077.3233333333335,3,0,3,0
C1380,Individual,Michael,Hughes,,M,Canada,Alberta,Investment,4,No,Website,56.1013698630137,3,337514.06,1012542.1799999999,1052.4533333333334,3,0,2,1
C1381,Individual,Eric,Cox,,M,Germany,Hesse,Home,3,Yes,Website,56.1013698630137,3,360879.97000000003,1082639.9100000001,1131.0966666666666,3,0,3,0
C1382,Individual,Adam,James,,M,USA,Oregon,Home,2,No,Website,56.1013698630137,4,294227.5325,1176910.13,1024.3375,4,0,4,0
C1383,Individual,Noah,Moore,1992-11-11,M,USA,California,Home,2,No,Agency,33.73972602739726,3,288256.2766666667,864768.8300000001,899.9899999999999,3,0,2,1
C1384,Individual,Mary,Young,1988-10-03,F,USA,California,Home,2,Yes,Agency,37.84931506849315,3,301826.68,905480.04,1016.7633333333333,3,0,3,0
C1385,Individual,Kenneth,Owens,1946-01-06,M,USA,California,Home,1,No,Agency,80.61917808219178,3,394327.6766666667,1182983.03,1186.4366666666667,3,0,2,1
C1386,Individual,Harold,Howard,,M,USA,Washington,Home,4,Yes,Website,56.1013698630137,3,428122.26,1284366.78,1431.79,3,0,2,1
C1387,Individual,Jose,Reed,,M,Germany,Hamburg,Investment,4,No,Website,56.1013698630137,3,268183.49,804550.47,901.6266666666667,3,0,3,0
C1388,Individual,Hannah,Stone,,F,USA,Washington,Home,3,No,Website,56.1013698630137,3,394343.6866666667,1183031.06,1283.46,3,0,3,0
C1389,Individual,Jordan,Montgomery,1952-03-07,M,UK,Scotland,Home,2,No,Website,74.44931506849315,4,435630.7075,1742522.83,1282.79,4,0,3,1
C1390,Individual,Lauren,Thomas,,F,USA,Nevada,Home,3,No,Website,56.1013698630137,3,302164.0633333333,906492.19,971.1899999999999,3,0,2,1
C1391,Individual,Barbara,Campbell,1974-06-03,F,USA,Utah,Home,1,No,Website,52.1945205479452,4,394906.995,1579627.98,1343.6575,4,0,4,0
C1392,Individual,Jose,Johnson,1990-05-06,M,USA,Colorado,Home,4,Yes,Agency,36.26027397260274,4,358744.55000000005,1434978.2000000002,1125.5149999999999,4,0,3,1
C1393,Individual,Virginia,Miller,1981-09-07,F,Mexico,Baja California,Investment,1,No,Agency,44.92602739726028,4,296949.9975,1187799.99,1027.325,4,0,4,0
C1394,Individual,Debra,Hansen,,F,USA,Nevada,Home,4,No,Website,56.1013698630137,4,331351.15,1325404.6,967.0,4,0,4,0
C1395,Individual,Megan,Campbell,,F,Canada,Alberta,Investment,4,No,Website,56.1013698630137,4,374491.23,1497964.92,1278.045,4,0,3,1
C1396,Individual,Steven,Foster,1971-02-06,M,Canada,Manitoba,Investment,3,Yes,Website,55.51780821917808,3,325690.04,977070.1199999999,1075.8333333333333,3,0,3,0
C1397,Individual,Linda,Chavez,1983-10-03,F,USA,Nevada,Home,4,No,Website,42.85479452054795,4,387842.4575,1551369.83,1175.235,4,0,4,0
C1398,Individual,Alexander,Jones,,M,USA,California,Home,5,Yes,Website,56.1013698630137,3,308848.57,926545.71,1182.08,3,0,3,0
C1399,Individual,Lauren,Evans,,F,Canada,British Columbia,Home,5,No,Agency,56.1013698630137,4,314903.74,1259614.96,1061.1325,4,0,4,0
C1400,Individual,Maria,Jones,,F,UK,Northern Ireland,Home,4,No,Client,56.1013698630137,4,286548.635,1146194.54,939.4875,4,0,4,0
C1401,Individual,Virginia,Brooks,,F,USA,Virginia,Investment,1,No,Website,56.1013698630137,4,305880.9275,1223523.71,1005.5625,4,0,2,2
C1402,Individual,Helen,Jordan,,F,USA,Utah,Home,3,No,Agency,56.1013698630137,4,348539.9825,1394159.93,1132.7375,4,0,4,0
C1403,Individual,Pamela,Scott,,F,USA,Oregon,Home,2,No,Website,56.1013698630137,4,365837.6725,1463350.69,1210.7375000000002,4,0,4,0
C1404,Individual,Sharon,Williams,,F,USA,California,Home,4,No,Agency,56.1013698630137,4,298419.51,1193678.04,1024.3375,4,0,4,0
C1405,Individual,Ryan,Williams,1955-08-06,M,USA,Oregon,Home,5,No,Agency,71.03287671232877,3,435574.11999999994,1306722.3599999999,1438.2933333333333,3,0,2,1
C1406,Individual,Sara,Wood,1970-01-09,F,USA,California,Home,3,No,Website,56.59452054794521,4,341103.3625,1364413.45,1151.6100000000001,4,0,3,1
C1407,Individual,Sharon,Hansen,,F,USA,California,Home,1,No,Agency,56.1013698630137,4,357429.27249999996,1429717.0899999999,1123.3175,4,0,2,2
C1408,Company,Grandis,Co,,F,USA,California,Home,2,No,Agency,56.1013698630137,4,336258.935,1345035.74,1103.3025,4,0,4,0
C1409,Individual,Katherine,Price,1957-01-08,F,USA,Oregon,Investment,2,No,Website,69.6054794520548,3,357600.37333333335,1072801.12,1117.9399999999998,3,0,2,1
C1410,Individual,Jennifer,Edwards,,F,USA,Nevada,Home,2,No,Agency,56.1013698630137,4,359799.1225,1439196.49,1164.0149999999999,4,0,4,0
C1411,Individual,Anthony,Watson,1987-04-04,M,USA,California,Home,2,No,Client,39.35068493150685,4,329705.79000000004,1318823.1600000001,1099.4925,4,0,3,1
C1412,Company,Optima,Co,,F,USA,Nevada,Home,2,No,Agency,56.1013698630137,4,374531.3,1498125.2,1158.7275,4,0,3,1
C1413,Individual,Margaret,Rogers,,F,USA,California,Home,4,No,Agency,56.1013698630137,4,372266.29000000004,1489065.1600000001,1425.7675,4,0,4,0
C1414,Individual,Michelle,Wright,1975-01-05,F,USA,Florida,Home,4,No,Website,51.602739726027394,4,297179.675,1188718.7,972.335,4,0,2,2
C1415,Individual,Tyler,Murray,,M,USA,California,Investment,1,No,Website,56.1013698630137,3,249599.08666666667,748797.26,879.3433333333332,3,0,2,1
C1416,Individual,Bryan,Peterson,1954-01-07,M,USA,Oregon,Home,2,No,Agency,72.6109589041096,3,472688.7966666667,1418066.3900000001,1452.2633333333333,3,0,3,0
C1417,Individual,Dennis,Williams,,M,UK,Scotland,Home,5,No,Website,56.1013698630137,3,341007.16,1023021.48,1066.59,3,0,3,0
C1418,Individual,Kyle,Cox,1954-06-04,M,USA,Ohio,Investment,2,No,Website,72.20547945205479,3,481078.2966666667,1443234.8900000001,1529.4633333333334,3,0,3,0
C1419,Individual,Jason,Peterson,1971-08-08,M,Germany,Hamburg,Investment,4,Yes,Website,55.016438356164386,4,285901.43,1143605.72,928.745,4,0,2,2
C1420,Company,Terova,Co,,M,UK,Wales,Home,5,No,Website,56.1013698630137,4,299214.1725,1196856.69,929.6975,4,0,1,3
C1421,Individual,James,Jones,,M,USA,Colorado,Home,1,No,Website,56.1013698630137,3,312852.39666666667,938557.1900000001,1098.0666666666666,3,0,3,0
C1422,Individual,Billy,Hansen,,M,USA,Florida,Investment,1,Yes,Website,56.1013698630137,4,508141.2775,2032565.11,1555.2975000000001,4,0,4,0
C1423,Individual,Jack,Brooks,,M,UK,Northern Ireland,Home,4,Yes,Website,56.1013698630137,4,455694.58999999997,1822778.3599999999,1504.0974999999999,4,0,3,1
C1424,Individual,Judy,Harris,1954-12-03,F,USA,Utah,Home,2,Yes,Agency,71.7068493150685,3,460918.8566666667,1382756.57,1465.1466666666665,3,0,3,0
C1425,Individual,Raymond,Taylor,,M,Belgium,Flanders,Home,3,No,Website,56.1013698630137,3,483187.77333333326,1449563.3199999998,1521.64,3,0,2,1
C1426,Individual,Christina,Campbell,,F,USA,Washington,Home,2,No,Website,56.1013698630137,4,427274.545,1709098.18,1510.65,4,0,4,0
C1427,Individual,Julia,Richardson,1955-10-05,F,Australia,Victoria,Home,5,No,Website,70.86849315068493,4,344659.0525,1378636.21,1184.9475,4,0,3,1
C1428,Individual,Nicole,Allen,1953-05-12,F,USA,Oregon,Home,4,Yes,Agency,73.26849315068493,4,284013.135,1136052.54,946.6525,4,0,3,1
C1429,Individual,Jesse,Stewart,1991-01-10,M,USA,Nevada,Investment,5,No,Agency,35.57808219178082,4,424387.5025,1697550.01,1421.4650000000001,4,0,2,2
C1430,Individual,Patrick,Allen,1963-11-09,M,USA,Nevada,Home,4,No,Website,62.76712328767123,3,309487.73333333334,928463.2,1022.67,3,0,3,0
C1431,Individual,Melissa,Griffin,1943-01-07,F,Germany,Hesse,Home,3,Yes,Website,83.61917808219178,4,405039.9325,1620159.73,1365.9450000000002,4,0,3,1
C1432,Individual,Larry,Weaver,,M,USA,Utah,Home,3,No,Agency,56.1013698630137,3,287794.58,863383.74,1033.6200000000001,3,0,2,1
C1433,Individual,Christian,Mitchell,1953-12-04,M,Germany,Hamburg,Home,4,No,Website,72.7041095890411,3,452703.68999999994,1358111.0699999998,1493.243333333333,3,0,3,0
C1434,Company,Terova,Co,,F,USA,California,Investment,5,No,Agency,56.1013698630137,4,259660.0125,1038640.05,894.905,4,0,4,0
C1435,Individual,Zachary,Morales,1967-08-04,M,USA,Texas,Investment,2,No,Agency,59.03013698630137,3,301255.29,903765.87,945.65,3,0,2,1
C1436,Individual,Kyle,Wright,1998-09-10,M,USA,California,Home,2,No,Website,27.90684931506849,3,323305.73,969917.19,992.2199999999999,3,0,2,1
C1437,Individual,Gerald,Stewart,1997-08-04,M,USA,Arizona,Investment,5,No,Agency,29.008219178082193,4,417237.145,1668948.58,1332.2825,4,0,3,1
C1438,Individual,Benjamin,Taylor,1988-04-08,M,USA,California,Home,2,Yes,Agency,38.33698630136986,3,418371.6666666667,1255115.0,1321.5033333333333,3,0,2,1
C1439,Individual,Helen,Morales,,F,USA,Virginia,Home,2,No,Agency,56.1013698630137,3,346894.27,1040682.81,1138.4233333333334,3,0,3,0
C1440,Individual,Mary,Phillips,,F,USA,Colorado,Investment,2,No,Agency,56.1013698630137,3,300337.80666666664,901013.4199999999,1010.5300000000001,3,0,2,1
C1441,Individual,Helen,Campbell,1945-08-09,F,USA,California,Investment,5,No,Website,81.03013698630137,3,400592.5933333333,1201777.78,1334.84,3,0,3,0
C1442,Individual,Timothy,Foster,,M,USA,Colorado,Home,2,Yes,Client,56.1013698630137,3,335782.9166666667,1007348.75,1110.6233333333332,3,0,3,0
C1443,Individual,Betty,Hughes,,F,USA,Florida,Home,2,No,Website,56.1013698630137,3,348449.37000000005,1045348.1100000001,1072.4833333333333,3,0,3,0
C1444,Individual,Frank,Alexander,,M,USA,Colorado,Home,3,No,Website,56.1013698630137,3,363210.56666666665,1089631.7,1186.05,3,0,3,0
C1445,Individual,Gregory,Hall,,M,USA,Florida,Home,5,No,Website,56.1013698630137,4,312284.7275,1249138.91,976.9675,4,0,4,0
C1446,Individual,Amber,Gray,1951-09-12,F,USA,Ohio,Home,4,No,Website,74.93424657534247,4,387705.1225,1550820.49,1385.6475,4,0,4,0
C1447,Individual,Janet,Rogers,,F,USA,Nevada,Investment,4,Yes,Client,56.1013698630137,4,343102.225,1372408.9,1151.37,4,0,4,0
C1448,Individual,Henry,Ward,,M,Russia,Tatarstan,Home,1,No,Website,56.1013698630137,4,305326.155,1221304.62,984.9525,4,0,3,1
C1449,Individual,Nicole,Cox,,F,USA,California,Investment,5,No,Website,56.1013698630137,3,370185.83,1110557.49,1221.6766666666665,3,0,3,0
C1450,Individual,Pamela,White,1996-06-04,F,USA,Virginia,Home,5,No,Website,30.175342465753424,3,342836.5333333333,1028509.6,1037.5833333333333,3,0,3,0
C1451,Individual,Hannah,Turner,,F,USA,California,Home,1,No,Website,56.1013698630137,4,382418.32999999996,1529673.3199999998,1259.875,4,0,4,0
C1452,Individual,Kelly,Edwards,1993-05-08,F,Belgium,Wallonia,Home,3,No,Client,33.25205479452055,3,440001.92333333334,1320005.77,1487.6599999999999,3,0,3,0
C1453,Individual,Kenneth,Stone,1981-07-10,M,USA,California,Home,2,No,Agency,45.087671232876716,3,381681.6333333333,1145044.9,1243.8233333333333,3,0,3,0
C1454,Individual,Ann,Kim,,F,USA,California,Investment,1,No,Client,56.1013698630137,3,396275.14666666667,1188825.44,1321.5033333333333,3,0,3,0
C1455,Individual,Christina,Nelson,,F,USA,Colorado,Home,3,Yes,Agency,56.1013698630137,3,328664.1433333333,985992.4299999999,983.4266666666667,3,0,2,1
C1456,Company,Quasar,Co,,F,USA,Oregon,Investment,1,Yes,Website,56.1013698630137,4,399713.3875,1598853.55,1313.38,4,0,4,0
C1457,Individual,Julie,Foster,,F,USA,California,Home,3,Yes,Agency,56.1013698630137,4,384301.265,1537205.06,1227.17,4,0,2,2
C1458,Individual,Keith,Reed,,M,USA,Arizona,Home,1,No,Website,56.1013698630137,3,305973.8466666667,917921.54,979.0866666666667,3,0,2,1
C1459,Individual,Terry,Hall,,M,USA,Arizona,Home,5,No,Website,56.1013698630137,4,389063.37,1556253.48,1385.6475,4,0,4,0
C1460,Individual,Pamela,Long,1972-05-12,F,UK,England,Home,1,Yes,Agency,54.25479452054795,4,392347.6725,1569390.69,1294.645,4,0,4,0
C1461,Individual,Gloria,Reyes,,F,USA,California,Home,5,No,Website,56.1013698630137,4,376991.7175,1507966.87,1294.645,4,0,4,0
C1462,Individual,Virginia,Allen,,F,Germany,Hamburg,Investment,3,No,Agency,56.1013698630137,4,305082.78,1220331.12,956.6725,4,0,2,2
C1463,Individual,Lawrence,Ward,,M,USA,California,Home,2,Yes,Website,56.1013698630137,4,409761.0,1639044.0,1386.5875,4,0,4,0
C1464,Individual,Terry,Weaver,,M,USA,Arizona,Home,1,No,Website,56.1013698630137,3,364939.56,1094818.68,1086.24,3,0,3,0
C1465,Individual,Edward,Stewart,1990-09-07,M,USA,Ohio,Home,3,Yes,Website,35.92054794520548,3,437397.1566666667,1312191.47,1457.8333333333333,3,0,3,0
C1466,Individual,Ashley,Howard,,F,Belgium,Flanders,Investment,2,No,Website,56.1013698630137,4,346956.7875,1387827.15,1053.27,4,0,4,0
C1467,Individual,Rebecca,Adams,,F,USA,California,Home,5,No,Client,56.1013698630137,3,253784.42,761353.26,849.6366666666667,3,0,3,0
C1468,Individual,Jason,Martin,,M,Canada,Manitoba,Home,3,No,Website,56.1013698630137,3,357484.0233333334,1072452.07,1185.3533333333332,3,0,1,2
C1469,Individual,Keith,Richardson,,M,USA,Colorado,Home,1,No,Website,56.1013698630137,3,504040.5466666667,1512121.6400000001,1538.7766666666666,3,0,3,0
C1470,Individual,Alexander,Richardson,,M,USA,Colorado,Investment,3,Yes,Agency,56.1013698630137,3,480227.4033333333,1440682.21,1590.8633333333335,3,0,3,0
C1471,Individual,Judith,Williams,,F,UK,Northern Ireland,Home,1,Yes,Website,56.1013698630137,4,262147.19,1048588.76,801.0649999999999,4,0,3,1
C1472,Individual,Paul,Flores,,M,USA,Washington,Home,1,No,Website,56.1013698630137,4,402580.2175,1610320.87,1237.1025,4,0,4,0
C1473,Individual,Maria,Freeman,,F,USA,California,Home,2,No,Agency,56.1013698630137,4,353825.185,1415300.74,1009.23,4,0,4,0
C1474,Individual,Kevin,Brown,1969-10-04,M,USA,Oregon,Home,3,No,Website,56.86027397260274,4,390858.6175,1563434.47,1307.3,4,0,4,0
C1475,Individual,Raymond,Brown,1944-02-08,M,Mexico,Jalisco,Home,4,Yes,Agency,82.53150684931506,4,394796.5625,1579186.25,1287.055,4,0,4,0
C1476,Individual,Kevin,Jackson,2000-08-06,M,USA,Nevada,Home,1,No,Agency,26.0,4,376342.355,1505369.42,1141.225,4,0,3,1
C1477,Company,Zynex,Co,1968-10-04,F,USA,California,Investment,1,No,Agency,57.86027397260274,4,262866.73,1051466.92,920.7075,4,0,3,1
C1478,Individual,Emily,Reed,1958-12-09,F,Canada,British Columbia,Investment,1,No,Agency,67.68767123287671,3,321924.24666666664,965772.74,1082.8966666666668,3,0,3,0
C1479,Individual,Paul,Carter,,M,USA,California,Investment,1,No,Website,56.1013698630137,4,318863.8775,1275455.51,1018.5225,4,0,4,0
C1480,Individual,Danielle,White,1985-09-04,F,USA,Virginia,Investment,3,No,Client,40.93150684931507,4,366616.9475,1466467.79,1220.42,4,0,3,1
C1481,Company,Caldera,Co,1984-04-12,F,USA,Arizona,Investment,3,No,Website,42.32876712328767,4,264925.22000000003,1059700.8800000001,901.245,4,0,1,3
C1482,Individual,Kimberly,Murray,,F,USA,Oregon,Home,2,Yes,Website,56.1013698630137,4,416253.79250000004,1665015.1700000002,1312.8225,4,0,3,1
C1483,Individual,Gary,Hall,1975-01-06,M,USA,Colorado,Home,3,Yes,Agency,51.6,4,457942.405,1831769.62,1486.3274999999999,4,0,4,0
C1484,Individual,Christina,Nelson,1971-09-10,F,USA,Colorado,Home,3,No,Client,54.92602739726028,4,279297.9525,1117191.81,995.0275,4,0,4,0
C1485,Individual,Rachel,Scott,,F,USA,Washington,Investment,4,No,Website,56.1013698630137,4,401221.38,1604885.52,1350.2175,4,0,3,1
C1486,Individual,Madison,Campbell,,F,UK,Wales,Home,5,Yes,Website,56.1013698630137,3,339795.23,1019385.69,1156.5633333333333,3,0,2,1
C1487,Individual,Sandra,Martin,1965-10-12,F,USA,New York,Home,3,No,Agency,60.84109589041096,4,388383.3775,1553533.51,1294.645,4,0,4,0
C1488,Individual,Keith,Scott,1975-07-09,M,USA,Florida,Investment,2,No,Website,51.0958904109589,3,343079.5966666667,1029238.79,1140.1866666666667,3,0,3,0
C1489,Individual,Gloria,Montgomery,,F,USA,Arizona,Home,5,No,Agency,56.1013698630137,3,352183.1566666667,1056549.47,1240.6066666666666,3,0,2,1
C1490,Individual,Dennis,Hall,1994-06-11,M,UK,Wales,Investment,5,Yes,Client,32.15890410958904,3,287039.92,861119.76,939.3299999999999,3,0,3,0
C1491,Individual,Rebecca,Evans,1997-10-07,F,USA,Georgia,Home,4,No,Agency,28.832876712328765,4,264187.5075,1056750.03,901.245,4,0,4,0
C1492,Individual,Mary,Taylor,,F,Germany,Bavaria,Home,2,No,Agency,56.1013698630137,3,436551.83,1309655.49,1579.3133333333335,3,0,3,0
C1493,Individual,Thomas,Bennett,,M,USA,Washington,Home,4,Yes,Agency,56.1013698630137,3,288201.87,864605.61,1037.11,3,0,3,0
C1494,Individual,Nicholas,Cooper,1996-09-04,M,USA,New York,Home,1,No,Client,29.923287671232877,3,304446.0233333333,913338.07,934.8733333333333,3,0,3,0
C1495,Individual,Jason,Hughes,1991-09-11,M,Denmark,Capital Region,Home,1,No,Website,34.90958904109589,4,514823.17,2059292.68,1591.4724999999999,4,0,3,1
C1496,Individual,Bryan,Patterson,,M,USA,Florida,Home,5,No,Agency,56.1013698630137,3,373004.5366666666,1119013.6099999999,1151.5466666666669,3,0,2,1
C1497,Individual,Samuel,Parker,,M,USA,California,Investment,4,No,Agency,56.1013698630137,3,264921.77999999997,794765.34,880.66,3,0,2,1
C1498,Individual,Nicole,Carter,1967-03-02,F,Mexico,Puebla,Investment,5,No,Website,59.45479452054794,4,285657.9575,1142631.83,889.8725000000001,4,0,4,0
C1499,Individual,Lauren,Gray,1997-04-11,F,Russia,Saint Petersburg,Home,3,Yes,Agency,29.323287671232876,3,440635.18,1321905.54,1523.6933333333334,3,0,3,0
C1500,Individual,Shirley,Ward,1995-04-01,F,Australia,Victoria,Home,2,No,Agency,31.353424657534248,4,255074.98,1020299.92,841.385,4,0,4,0
C1501,Individual,Brenda,White,,F,USA,Oregon,Investment,4,No,Agency,56.1013698630137,3,253759.69333333333,761279.08,851.4266666666667,3,0,1,2
C1502,Individual,Elizabeth,Weaver,,F,UK,Wales,Home,5,Yes,Website,56.1013698630137,4,261443.085,1045772.34,911.0425,4,0,4,0
C1503,Company,Triton,Co,,M,USA,Arizona,Investment,5,No,Website,56.1013698630137,4,324992.87,1299971.48,1050.5725,4,0,2,2
C1504,Individual,Patrick,Hughes,,M,USA,California,Home,4,No,Website,56.1013698630137,3,290601.98666666663,871805.96,979.0866666666667,3,0,3,0
C1505,Individual,William,Cook,,M,USA,Virginia,Home,3,No,Agency,56.1013698630137,4,253230.515,1012922.06,799.9225,4,0,2,2
C1506,Individual,Larry,Price,1950-11-01,M,USA,Utah,Investment,3,No,Website,75.7972602739726,3,336703.13333333336,1010109.4,1155.4633333333334,3,0,2,1
C1507,Individual,Joyce,Cooper,,F,USA,Florida,Home,3,No,Agency,56.1013698630137,4,374916.61,1499666.44,1220.915,4,0,4,0
C1508,Individual,Benjamin,Morris,1994-03-12,M,UK,Scotland,Home,3,No,Agency,32.40821917808219,4,241320.9475,965283.79,783.64,4,0,3,1
C1509,Individual,Rebecca,Campbell,,F,USA,California,Home,3,No,Website,56.1013698630137,4,455478.21749999997,1821912.8699999999,1482.5875,4,0,4,0
C1510,Company,Altira,Co,1962-01-12,M,USA,California,Home,5,No,Agency,64.59178082191781,3,268081.0733333333,804243.22,842.68,3,0,3,0
C1511,Individual,Ann,Hansen,,F,France,Provence,Home,2,Yes,Website,56.1013698630137,3,364360.2866666666,1093080.8599999999,1152.6466666666668,3,0,2,1
C1512,Individual,Anna,Young,,F,USA,Nevada,Home,4,Yes,Client,56.1013698630137,4,302264.2375,1209056.95,1046.42,4,0,3,1
C1513,Individual,Danielle,Morales,1995-08-06,F,USA,Florida,Home,2,No,Website,31.005479452054793,3,484088.79000000004,1452266.37,1538.7766666666666,3,0,3,0
C1514,Individual,Linda,Bryant,1986-08-12,F,USA,New York,Home,4,No,Website,39.99452054794521,3,403969.51,1211908.53,1386.32,3,0,2,1
C1515,Individual,Angela,Williams,,F,USA,Nevada,Investment,5,No,Website,56.1013698630137,4,358425.88,1433703.52,1227.17,4,0,3,1
C1516,Individual,Grace,Wood,,F,USA,Texas,Home,4,No,Website,56.1013698630137,3,230152.30333333334,690456.91,801.46,3,0,2,1
C1517,Individual,Benjamin,Chavez,,M,USA,California,Investment,2,No,Agency,56.1013698630137,4,332173.355,1328693.42,1076.59,4,0,3,1
C1518,Individual,Teresa,Rogers,1994-08-10,F,Australia,Victoria,Home,5,Yes,Agency,31.994520547945207,4,240485.71999999997,961942.8799999999,886.4275,4,0,4,0
C1519,Individual,Kyle,Freeman,,M,USA,California,Home,1,No,Agency,56.1013698630137,4,341747.53250000003,1366990.1300000001,1072.9850000000001,4,0,4,0
C1520,Individual,Patrick,Griffin,1945-05-12,M,USA,Utah,Home,1,No,Website,81.27397260273973,4,356367.255,1425469.02,1187.8925,4,0,4,0
C1521,Individual,Bryan,Foster,,M,USA,Nevada,Home,4,No,Agency,56.1013698630137,3,304526.47,913579.4099999999,1032.28,3,0,3,0
C1522,Individual,Debra,Mitchell,,F,USA,Washington,Home,5,No,Website,56.1013698630137,4,399576.245,1598304.98,1378.985,4,0,3,1
C1523,Company,Horizon,Co,,M,Australia,Victoria,Investment,3,No,Website,56.1013698630137,4,413020.98,1652083.92,1334.8775,4,0,4,0
C1524,Individual,Jordan,Wilson,,M,USA,Virginia,Home,2,No,Client,56.1013698630137,4,358552.075,1434208.3,1164.0149999999999,4,0,2,2
C1525,Individual,Timothy,Brown,,M,USA,California,Home,1,No,Agency,56.1013698630137,3,445585.7266666666,1336757.18,1511.63,3,0,3,0
C1526,Individual,Victoria,Howard,1956-05-08,F,USA,California,Home,3,No,Website,70.27671232876712,3,476443.3833333333,1429330.15,1600.9133333333332,3,0,3,0
C1527,Individual,Martha,Thomas,,F,USA,California,Home,1,No,Agency,56.1013698630137,3,331149.01999999996,993447.0599999999,1200.3500000000001,3,0,3,0
C1528,Individual,Jennifer,Weaver,1997-02-09,F,Germany,Hamburg,Home,1,Yes,Website,29.49041095890411,3,352817.56,1058452.68,1125.17,3,0,2,1
C1529,Company,Helios,Co,,M,USA,California,Home,4,No,Website,56.1013698630137,4,403630.72500000003,1614522.9000000001,1350.98,4,0,4,0
C1530,Individual,Sarah,Wright,,F,USA,California,Home,2,No,Website,56.1013698630137,3,337029.25,1011087.75,1107.81,3,0,3,0
C1531,Individual,Bryan,Cox,,M,France,Brittany,Investment,2,No,Website,56.1013698630137,4,318117.7625,1272471.05,1065.415,4,0,2,2
C1532,Individual,Linda,Freeman,,F,USA,Texas,Home,3,Yes,Website,56.1013698630137,4,361615.6975,1446462.79,1164.0149999999999,4,0,4,0
C1533,Individual,Anthony,Bryant,1988-05-10,M,Canada,British Columbia,Home,4,No,Agency,38.24931506849315,4,254781.7725,1019127.09,727.265,4,0,2,2
C1534,Individual,Sandra,Pierce,1996-08-06,F,USA,California,Home,4,Yes,Website,30.002739726027396,3,398453.2933333333,1195359.88,1303.4733333333334,3,0,3,0
C1535,Individual,Jeremy,Stone,1994-03-09,M,UK,England,Investment,3,No,Agency,32.416438356164385,4,491751.365,1967005.46,1591.4724999999999,4,0,4,0
C1536,Individual,Sara,Baker,1982-05-06,F,USA,Washington,Home,3,No,Website,44.26575342465753,3,358961.61333333334,1076884.84,1050.6433333333332,3,0,2,1
C1537,Individual,Lisa,Foster,1999-04-08,F,USA,Arizona,Home,5,No,Website,27.33150684931507,3,545766.8033333333,1637300.4100000001,1579.3133333333335,3,0,2,1
C1538,Individual,Jessica,Kim,1947-07-01,F,USA,California,Investment,5,No,Website,79.13698630136986,3,258514.92666666667,775544.78,941.38,3,0,2,1
C1539,Individual,Terry,Brown,,M,USA,Nevada,Home,1,No,Agency,56.1013698630137,3,270482.7866666667,811448.36,995.5099999999999,3,0,3,0
C1540,Individual,Roger,Cox,1957-02-12,M,USA,California,Home,2,Yes,Client,69.5095890410959,3,280836.89999999997,842510.7,908.2333333333332,3,0,3,0
C1541,Individual,Carl,Adams,,M,USA,California,Home,2,No,Website,56.1013698630137,4,293404.115,1173616.46,995.0275,4,0,3,1
C1542,Individual,Gary,Cook,,M,USA,Nevada,Home,1,Yes,Website,56.1013698630137,3,420549.63999999996,1261648.92,1356.7466666666667,3,0,3,0
C1543,Individual,Virginia,Peterson,1955-10-11,F,USA,New York,Investment,3,No,Agency,70.85205479452055,3,399830.10333333333,1199490.31,1267.4066666666668,3,0,2,1
C1544,Individual,Heather,Evans,,F,Russia,Tatarstan,Home,3,No,Website,56.1013698630137,3,517207.76666666666,1551623.3,1679.1066666666666,3,0,3,0
C1545,Individual,Elizabeth,Price,,F,USA,California,Investment,1,Yes,Website,56.1013698630137,3,367270.3833333333,1101811.15,1254.5033333333333,3,0,3,0
C1546,Individual,Sarah,Scott,1966-06-06,F,Mexico,Puebla,Home,4,Yes,Agency,60.19178082191781,4,290255.6275,1161022.51,874.9925000000001,4,0,3,1
C1547,Individual,Margaret,Martin,1975-03-04,F,USA,Florida,Home,2,Yes,Agency,51.443835616438356,4,299834.365,1199337.46,997.415,4,0,3,1
C1548,Company,Telnox,Co,,M,USA,California,Home,2,Yes,Website,56.1013698630137,3,205074.34333333335,615223.03,678.9699999999999,3,0,3,0
C1549,Individual,Gary,Reyes,,M,Mexico,Nuevo Leon,Home,4,No,Client,56.1013698630137,3,279014.7833333333,837044.35,983.4266666666667,3,0,3,0
C1550,Individual,Jason,Rogers,1998-01-10,M,USA,California,Home,2,No,Agency,28.572602739726026,4,342191.9475,1368767.79,1164.0149999999999,4,0,4,0
C1551,Individual,Aaron,Howard,,M,USA,California,Home,2,No,Agency,56.1013698630137,3,417413.5633333333,1252240.69,1438.2933333333333,3,0,2,1
C1552,Individual,Peter,Wilson,,M,USA,California,Investment,2,Yes,Agency,56.1013698630137,4,339112.67500000005,1356450.7000000002,1074.0525,4,0,3,1
C1553,Company,Horizon,Co,,M,USA,Utah,Home,4,No,Agency,56.1013698630137,3,326512.12,979536.36,1038.7166666666667,3,0,3,0
C1554,Individual,Gregory,Cox,1998-04-03,M,Germany,Bavaria,Home,1,No,Website,28.345205479452055,3,247344.74666666667,742034.24,678.9699999999999,3,0,3,0
C1555,Individual,Julia,Martin,,F,UK,England,Home,5,No,Website,56.1013698630137,4,308463.095,1233852.38,1012.5575,4,0,4,0
C1556,Individual,Grace,Wood,,F,USA,Colorado,Investment,2,No,Agency,56.1013698630137,4,303933.6775,1215734.71,1020.3875,4,0,4,0
C1557,Individual,Joan,Griffin,,F,USA,New York,Home,2,Yes,Website,56.1013698630137,3,318351.3933333333,955054.1799999999,1072.4833333333333,3,0,3,0
C1558,Individual,Tyler,Phillips,1944-12-03,M,Mexico,Baja California,Home,4,No,Website,81.71232876712328,3,494023.1866666667,1482069.56,1680.5266666666666,3,0,1,2
C1559,Individual,Sara,Mitchell,,F,UK,England,Home,2,No,Website,56.1013698630137,3,448602.9566666667,1345808.87,1445.2933333333333,3,0,3,0
C1560,Individual,Christina,Hughes,,F,USA,California,Home,4,Yes,Client,56.1013698630137,3,350892.52333333326,1052677.5699999998,1148.0433333333333,3,0,2,1
C1561,Individual,Jeffrey,Green,,M,Mexico,Nuevo Leon,Investment,5,No,Agency,56.1013698630137,3,378431.50333333336,1135294.51,1193.7733333333333,3,0,3,0
C1562,Individual,Maria,Morris,1987-05-07,F,USA,California,Home,4,No,Client,39.26027397260274,3,393258.44,1179775.32,1268.0466666666669,3,0,3,0
C1563,Individual,Susan,Baker,,F,USA,Utah,Home,5,No,Website,56.1013698630137,3,326576.35000000003,979729.05,1090.7733333333333,3,0,2,1
C1564,Individual,Jason,Wood,1964-06-11,M,USA,Washington,Investment,5,No,Website,62.178082191780824,3,531975.1433333333,1595925.43,1635.6233333333332,3,0,3,0
C1565,Individual,Kenneth,Bennett,1980-08-08,M,Mexico,Jalisco,Home,4,No,Agency,46.00821917808219,4,285224.805,1140899.22,994.0725,4,0,3,1
C1566,Individual,Anthony,Wilson,1995-01-01,M,USA,California,Home,3,No,Website,31.6,4,362560.1625,1450240.65,1175.235,4,0,4,0
C1567,Individual,Frank,Wilson,1977-11-10,M,USA,Georgia,Home,4,No,Client,48.75342465753425,4,398613.15499999997,1594452.6199999999,1276.9875,4,0,3,1
C1568,Individual,Betty,Owens,1990-06-03,F,USA,California,Home,5,No,Website,36.18356164383562,3,457936.02999999997,1373808.0899999999,1357.1933333333334,3,0,2,1
C1569,Individual,Pamela,Turner,1993-05-11,F,USA,California,Investment,1,Yes,Website,33.24383561643835,3,391747.5166666666,1175242.5499999998,1258.29,3,0,3,0
C1570,Individual,Amanda,Williams,,F,USA,Ohio,Home,5,No,Website,56.1013698630137,4,367409.6,1469638.4,1333.5625,4,0,4,0
C1571,Individual,Ethan,Morales,1978-03-06,M,USA,California,Home,2,No,Website,48.43561643835616,4,310859.99,1243439.96,1092.085,4,0,4,0
C1572,Individual,Donald,Baker,1960-10-06,M,Australia,Queensland,Home,3,No,Agency,65.86027397260274,4,221537.38,886149.52,748.33,4,0,4,0
C1573,Individual,Amanda,Richardson,1946-07-05,F,USA,California,Home,1,No,Website,80.12602739726027,4,293959.985,1175839.94,1059.9375,4,0,2,2
C1574,Individual,Gary,Morris,,M,USA,California,Home,4,No,Website,56.1013698630137,3,398408.3,1195224.9,1255.6333333333334,3,0,3,0
C1575,Individual,Paul,Freeman,,M,USA,California,Home,2,No,Website,56.1013698630137,4,348766.79000000004,1395067.1600000001,1158.7275,4,0,4,0
C1576,Individual,Heather,Cook,,F,USA,Nevada,Investment,3,Yes,Website,56.1013698630137,4,339884.06,1359536.24,1098.1675,4,0,3,1
C1577,Individual,Ethan,Edwards,,M,Germany,Bavaria,Home,3,No,Website,56.1013698630137,3,475977.86000000004,1427933.58,1471.8999999999999,3,0,2,1
C1578,Individual,Mark,Turner,1996-12-03,M,USA,California,Investment,2,No,Website,29.676712328767124,3,255143.67,765431.01,934.8733333333333,3,0,3,0
C1579,Individual,Robert,Bell,1945-03-10,M,USA,Arizona,Investment,4,No,Website,81.44657534246575,4,275438.39749999996,1101753.5899999999,952.0525,4,0,3,1
C1580,Individual,Jordan,Martin,1997-05-12,M,USA,Georgia,Investment,1,Yes,Website,29.23835616438356,4,252208.665,1008834.66,872.2,4,0,3,1
C1581,Individual,James,Reyes,1950-08-11,M,USA,California,Investment,1,No,Website,76.02191780821917,3,374454.74,1123364.22,1023.9266666666666,3,0,1,2
C1582,Individual,Harold,Baker,,M,France,Ile-de-France,Home,4,Yes,Client,56.1013698630137,3,343423.00333333336,1030269.01,1050.08,3,0,2,1
C1583,Individual,Peter,Scott,1968-03-01,M,USA,California,Home,2,No,Agency,58.45479452054794,4,344507.6525,1378030.61,1170.135,4,0,3,1
C1584,Company,Nexus,Co,1985-12-08,M,France,Brittany,Investment,1,Yes,Website,40.67123287671233,3,399742.14666666667,1199226.44,1361.7433333333333,3,0,3,0
C1585,Individual,Kevin,Watson,1960-10-10,M,Canada,Ontario,Home,5,No,Website,65.84931506849315,4,370002.9775,1480011.91,1276.8225,4,0,4,0
C1586,Individual,Carolyn,Roberts,,F,Germany,Berlin,Home,3,No,Website,56.1013698630137,3,372193.2766666667,1116579.83,1224.68,3,0,3,0
C1587,Individual,Carl,Cooper,1943-02-12,M,Canada,Quebec,Investment,4,Yes,Agency,83.52054794520548,3,247685.71,743057.13,850.2466666666668,3,0,3,0
C1588,Individual,Patricia,Thomas,,F,USA,Utah,Investment,5,No,Website,56.1013698630137,3,319067.10333333333,957201.31,1104.51,3,0,3,0
C1589,Individual,Christina,Ward,1953-12-08,F,USA,California,Investment,4,No,Agency,72.69315068493151,3,460178.9000000001,1380536.7000000002,1396.87,3,0,2,1
C1590,Company,Elara,Co,,F,USA,Oregon,Home,1,No,Website,56.1013698630137,4,367600.9,1470403.6,1228.8325,4,0,3,1
C1591,Individual,Christine,Brooks,,F,USA,California,Investment,4,No,Website,56.1013698630137,4,419078.245,1676312.98,1341.715,4,0,4,0
C1592,Individual,Heather,Allen,1975-01-06,F,USA,Texas,Investment,2,Yes,Agency,51.6,4,219613.04750000002,878452.1900000001,735.11,4,0,3,1
C1593,Individual,Anthony,Williams,1975-05-08,M,USA,California,Home,1,No,Website,51.26575342465753,4,206490.1225,825960.49,666.135,4,0,4,0
C1594,Individual,Kathleen,Green,,F,USA,Colorado,Home,2,No,Agency,56.1013698630137,4,380748.6325,1522994.53,1259.875,4,0,3,1
C1595,Individual,Charles,Reed,,M,USA,California,Home,5,No,Website,56.1013698630137,4,327536.96499999997,1310147.8599999999,1186.5225,4,0,4,0
C1596,Individual,Frank,Hall,1979-10-11,M,Germany,Berlin,Investment,4,No,Website,46.83561643835616,3,547651.48,1642954.44,1649.26,3,0,3,0
C1597,Individual,Rachel,Cox,,F,USA,Nevada,Investment,4,Yes,Website,56.1013698630137,4,288944.55,1155778.2,947.7475,4,0,4,0
C1598,Individual,Angela,Adams,,F,USA,Georgia,Home,4,Yes,Agency,56.1013698630137,3,387977.2233333333,1163931.67,1310.3966666666665,3,0,3,0
C1599,Individual,Stephanie,Thompson,,F,USA,Virginia,Investment,5,Yes,Website,56.1013698630137,3,440343.7233333333,1321031.17,1337.1733333333334,3,0,3,0
C1600,Individual,Jennifer,Rogers,,F,Belgium,Wallonia,Home,5,No,Website,56.1013698630137,4,309291.09,1237164.36,984.6475,4,0,4,0
C1601,Individual,Tiffany,Parker,,F,Russia,Krasnodar Krai,Home,3,No,Website,56.1013698630137,3,276359.33666666667,829078.01,913.6700000000001,3,0,3,0
C1602,Individual,Harold,Turner,1986-01-11,M,USA,Nevada,Investment,4,No,Website,40.57808219178082,4,419215.9975,1676863.99,1425.28,4,0,4,0
C1603,Individual,Hannah,Rogers,1962-07-09,F,UK,England,Home,5,No,Website,64.1041095890411,4,269429.9275,1077719.71,976.2049999999999,4,0,2,2
C1604,Individual,Ronald,Kim,1949-10-09,M,USA,Texas,Home,4,No,Website,76.86027397260274,3,350088.08,1050264.24,1243.8233333333333,3,0,2,1
C1605,Individual,Joshua,Collins,,M,UK,England,Investment,4,Yes,Website,56.1013698630137,4,292695.835,1170783.34,874.9925000000001,4,0,2,2
C1606,Individual,Zachary,Howard,,M,USA,Washington,Home,1,Yes,Agency,56.1013698630137,3,305854.23666666663,917562.71,1033.4833333333333,3,0,2,1
C1607,Individual,Emma,Hall,1963-11-03,F,USA,California,Home,3,No,Agency,62.78356164383562,3,276431.5233333334,829294.5700000001,927.6066666666666,3,0,3,0
C1608,Individual,Heather,Pierce,,F,UK,England,Home,4,Yes,Website,56.1013698630137,3,477127.2166666666,1431381.65,1447.82,3,0,2,1
C1609,Individual,Justin,Reed,1964-02-10,M,USA,California,Investment,2,No,Website,62.512328767123286,3,268281.4766666667,804844.43,900.46,3,0,3,0
C1610,Individual,Kenneth,White,,M,USA,California,Investment,3,No,Website,56.1013698630137,4,312291.935,1249167.74,1114.2125,4,0,3,1
C1611,Individual,Sarah,Bryant,1975-02-09,F,USA,Nevada,Investment,4,No,Website,51.50684931506849,4,268047.38,1072189.52,842.75,4,0,4,0
C1612,Individual,Jason,Price,,M,USA,California,Home,1,No,Agency,56.1013698630137,3,255518.18666666668,766554.56,839.1433333333334,3,0,3,0
C1613,Individual,Ryan,Griffin,1998-08-01,M,Denmark,Southern Denmark,Home,2,Yes,Agency,28.016438356164382,4,402092.055,1608368.22,1400.6975,4,0,3,1
C1614,Individual,Julie,Williams,,F,USA,Utah,Investment,4,No,Website,56.1013698630137,3,274051.68333333335,822155.05,1059.3466666666666,3,0,3,0
C1615,Individual,Jason,Mitchell,1963-01-08,M,USA,Utah,Home,5,No,Agency,63.602739726027394,3,285708.50666666665,857125.52,903.87,3,0,3,0
C1616,Individual,Aaron,Nelson,1991-01-09,M,UK,Wales,Investment,5,Yes,Website,35.58082191780822,4,336013.4275,1344053.71,1128.1275,4,0,4,0
C1617,Individual,Michelle,Baker,1952-09-10,F,USA,California,Home,3,No,Website,73.93698630136986,3,258668.5,776005.5,839.1433333333334,3,0,3,0
C1618,Individual,Linda,Price,,F,USA,Washington,Home,2,Yes,Website,56.1013698630137,4,339163.92000000004,1356655.6800000002,1103.3025,4,0,3,1
C1619,Individual,Jason,Baker,,M,Belgium,Wallonia,Home,2,No,Website,56.1013698630137,4,347551.615,1390206.46,1164.0149999999999,4,0,2,2
C1620,Individual,Jacob,Morales,1944-07-05,M,USA,California,Home,1,Yes,Website,82.12602739726027,3,262750.1166666667,788250.3500000001,979.0866666666667,3,0,2,1
C1621,Individual,Carl,Wood,,M,USA,Oregon,Investment,2,No,Agency,56.1013698630137,3,246579.99,739739.97,973.09,3,0,3,0
C1622,Individual,Angela,Taylor,1961-01-02,F,USA,Oregon,Home,1,Yes,Website,65.61917808219178,3,351397.7866666666,1054193.3599999999,1107.81,3,0,3,0
C1623,Individual,Julia,Hall,1994-12-01,F,USA,Oregon,Home,4,No,Website,31.684931506849313,3,353411.1533333333,1060233.46,1111.2966666666666,3,0,3,0
C1624,Individual,Jennifer,Stewart,1951-04-01,F,USA,California,Home,4,Yes,Website,75.38356164383562,4,485840.985,1943363.94,1602.67,4,0,4,0
C1625,Individual,Harold,Wright,2000-03-02,M,Australia,Western Australia,Home,4,No,Agency,26.43013698630137,3,303529.2833333333,910587.85,1094.84,3,0,3,0
C1626,Individual,Jennifer,Morales,,F,France,Provence,Home,2,Yes,Website,56.1013698630137,3,408552.4066666667,1225657.22,1464.8466666666666,3,0,3,0
C1627,Individual,David,Bryant,,M,USA,California,Investment,1,No,Website,56.1013698630137,3,425075.59,1275226.77,1527.8633333333335,3,0,3,0
C1628,Company,Lumina,Co,,F,France,Normandy,Home,4,Yes,Website,56.1013698630137,3,266766.36,800299.08,842.73,3,0,2,1
C1629,Individual,Stephanie,Roberts,,F,USA,Utah,Home,5,No,Agency,56.1013698630137,3,263050.01666666666,789150.05,1008.13,3,0,2,1
C1630,Company,Grandis,Co,1994-06-05,F,USA,Virginia,Investment,1,Yes,Website,32.175342465753424,3,402293.9733333333,1206881.92,1338.1466666666668,3,0,2,1
C1631,Individual,Joan,Patterson,1966-12-03,F,UK,Northern Ireland,Home,5,No,Website,59.6986301369863,4,420930.05,1683720.2,1267.07,4,0,3,1
C1632,Individual,Victoria,Wright,1963-12-07,F,USA,California,Investment,3,Yes,Agency,62.69041095890411,4,356282.67000000004,1425130.6800000002,1152.755,4,0,4,0
C1633,Individual,Sara,Bennett,1977-03-07,F,Canada,Ontario,Home,2,No,Website,49.43287671232877,3,282396.7766666667,847190.3300000001,976.8166666666666,3,0,2,1
C1634,Individual,Sara,King,1944-11-01,F,USA,Georgia,Investment,2,No,Website,81.8,4,261054.2525,1044217.01,872.2,4,0,4,0
C1635,Individual,Lawrence,Moore,,M,France,Brittany,Home,1,No,Website,56.1013698630137,4,276120.11,1104480.44,919.7425000000001,4,0,4,0
C1636,Company,Zynex,Co,1987-10-01,F,USA,Arizona,Home,5,Yes,Website,38.85753424657534,3,390479.9066666667,1171439.72,1308.5133333333333,3,0,2,1
C1637,Individual,Jacob,Cook,1969-11-02,M,Mexico,Nuevo Leon,Home,5,No,Agency,56.78082191780822,3,444340.1533333333,1333020.46,1525.18,3,0,3,0
C1638,Individual,Cynthia,Peterson,,F,France,Occitanie,Investment,1,Yes,Agency,56.1013698630137,3,349298.57,1047895.71,1175.6833333333334,3,0,1,2
C1639,Individual,Ronald,Smith,,M,USA,Colorado,Home,1,No,Website,56.1013698630137,4,272140.36,1088561.44,975.4225,4,0,4,0
C1640,Individual,Helen,Adams,1966-04-11,F,USA,California,Home,1,Yes,Website,60.345205479452055,4,293036.6625,1172146.65,1047.99,4,0,4,0
C1641,Individual,Charles,Phillips,,M,USA,Utah,Home,1,No,Agency,56.1013698630137,4,474719.52,1898878.08,1504.0974999999999,4,0,2,2
C1642,Individual,Maria,Adams,,F,Canada,British Columbia,Home,5,No,Website,56.1013698630137,4,360446.405,1441785.62,1167.1599999999999,4,0,2,2
C1643,Individual,Carl,Rogers,1978-09-01,M,France,Ile-de-France,Home,4,No,Agency,47.945205479452056,3,394296.63999999996,1182889.92,1468.6933333333334,3,0,3,0
C1644,Individual,Megan,Freeman,,F,USA,California,Home,1,No,Client,56.1013698630137,4,328205.5425,1312822.17,1024.3375,4,0,4,0
C1645,Individual,Shirley,Chavez,1995-08-02,F,Australia,New South Wales,Investment,1,No,Website,31.016438356164382,4,375993.3025,1503973.21,1238.115,4,0,3,1
C1646,Individual,Billy,Patterson,1998-10-06,M,USA,Washington,Investment,4,Yes,Agency,27.835616438356166,3,324062.1533333333,972186.46,1052.4533333333334,3,0,3,0
C1647,Individual,Paul,Stone,,M,USA,Ohio,Home,4,Yes,Agency,56.1013698630137,3,438789.64999999997,1316368.95,1471.8999999999999,3,0,3,0
C1648,Individual,Julia,Wood,,F,Australia,New South Wales,Home,3,No,Website,56.1013698630137,3,427648.89999999997,1282946.7,1476.9433333333334,3,0,2,1
C1649,Individual,Melissa,Price,1982-02-03,F,USA,Oregon,Home,4,Yes,Agency,44.51780821917808,4,385221.9525,1540887.81,1254.045,4,0,3,1
C1650,Individual,Edward,Griffin,1969-01-04,M,USA,Washington,Investment,2,No,Website,57.608219178082194,3,355079.5,1065238.5,1057.95,3,0,2,1
C1651,Individual,Ryan,Bell,,M,USA,California,Investment,4,No,Website,56.1013698630137,3,320688.80666666664,962066.4199999999,880.66,3,0,3,0
C1652,Individual,Paul,Weaver,,M,USA,Nevada,Investment,4,Yes,Client,56.1013698630137,3,359644.60000000003,1078933.8,1168.3833333333334,3,0,2,1
C1653,Individual,Sara,White,1974-02-08,F,USA,Colorado,Investment,4,Yes,Website,52.50958904109589,4,239276.62,957106.48,860.9325,4,0,4,0
C1654,Individual,Judith,Brooks,1968-05-04,F,USA,California,Home,1,No,Website,58.27945205479452,4,312516.34500000003,1250065.3800000001,951.6375,4,0,3,1
C1655,Individual,Sara,Cox,,F,USA,Texas,Investment,2,No,Website,56.1013698630137,3,324916.60000000003,974749.8,1088.5866666666668,3,0,2,1
C1656,Individual,Jacob,Baker,1991-05-05,M,Belgium,Wallonia,Investment,4,Yes,Website,35.26301369863014,4,350414.46,1401657.84,1182.3725,4,0,3,1
C1657,Individual,Donald,Kim,,M,USA,California,Home,2,No,Website,56.1013698630137,4,329156.1725,1316624.69,1023.9675,4,0,3,1
C1658,Individual,Ronald,Patterson,1970-07-08,M,USA,California,Home,5,No,Agency,56.1013698630137,4,310794.65,1243178.6,984.12,4,0,4,0
C1659,Individual,Joshua,Thompson,1946-05-09,M,Denmark,Zealand,Home,4,No,Website,80.28219178082192,4,394104.2175,1576416.87,1307.3,4,0,4,0
C1660,Individual,Henry,Richardson,,M,USA,Nevada,Home,4,Yes,Website,56.1013698630137,4,332511.62,1330046.48,1068.57,4,0,4,0
C1661,Individual,Ronald,Cox,,M,USA,Washington,Home,4,No,Agency,56.1013698630137,3,503687.75666666665,1511063.27,1599.3433333333332,3,0,2,1
C1662,Individual,Gary,Montgomery,,M,Russia,Tatarstan,Home,4,No,Website,56.1013698630137,4,376465.685,1505862.74,1320.35,4,0,3,1
C1663,Individual,Joshua,Garcia,,M,USA,Colorado,Investment,3,No,Agency,56.1013698630137,3,308688.07,926064.21,1042.71,3,0,2,1
C1664,Individual,Judith,Hayes,,F,France,Occitanie,Investment,5,No,Agency,56.1013698630137,3,463333.91,1390001.73,1445.2933333333333,3,0,2,1
C1665,Individual,Harold,Bell,,M,USA,Arizona,Home,5,No,Website,56.1013698630137,4,241742.7975,966971.19,827.2,4,0,4,0
C1666,Individual,Brenda,Edwards,1962-08-09,F,USA,Ohio,Home,2,No,Website,64.01917808219179,3,235501.19666666668,706503.5900000001,736.0433333333334,3,0,3,0
C1667,Individual,Stephanie,Cook,,F,USA,California,Investment,4,No,Agency,56.1013698630137,3,277270.50666666665,831811.52,862.11,3,0,3,0
C1668,Individual,Scott,Green,1957-12-11,M,Australia,Victoria,Home,5,No,Website,68.68219178082192,4,261715.8025,1046863.21,872.2,4,0,4,0
C1669,Individual,Steven,Collins,1960-07-04,M,Canada,Alberta,Investment,3,Yes,Agency,66.11780821917809,4,237067.83500000002,948271.3400000001,837.5225,4,0,2,2
C1670,Individual,Angela,Watson,1970-09-12,F,USA,Colorado,Home,3,Yes,Website,55.92054794520548,4,339005.2575,1356021.03,1076.59,4,0,3,1
C1671,Individual,Ashley,Howard,,F,USA,California,Home,3,No,Agency,56.1013698630137,4,332309.1875,1329236.75,1120.62,4,0,3,1
C1672,Individual,Jacqueline,Morales,1974-09-04,F,USA,Nevada,Investment,4,No,Website,51.93972602739726,3,242787.7233333333,728363.1699999999,889.9166666666666,3,0,3,0
C1673,Individual,Katherine,Martin,1992-04-03,F,USA,Washington,Home,1,Yes,Website,34.347945205479455,4,450908.69,1803634.76,1422.9925,4,0,3,1
C1674,Individual,Emily,Jackson,,F,USA,California,Home,5,Yes,Website,56.1013698630137,4,403655.8825,1614623.53,1268.7075,4,0,3,1
C1675,Individual,Emma,Reyes,1985-08-04,F,Canada,Alberta,Investment,5,No,Website,41.016438356164386,3,306012.56,918037.6799999999,1012.96,3,0,3,0
C1676,Individual,Amy,Allen,,F,USA,Washington,Home,2,No,Website,56.1013698630137,4,312909.25,1251637.0,1019.1225,4,0,4,0
C1677,Individual,Kevin,Thomas,,M,USA,Texas,Home,1,Yes,Website,56.1013698630137,3,314305.06,942915.1799999999,975.9433333333333,3,0,3,0
C1678,Individual,Gary,Sanders,1961-06-03,M,USA,California,Home,1,Yes,Agency,65.2027397260274,3,459218.0966666667,1377654.29,1650.4733333333334,3,0,2,1
C1679,Individual,Christina,Nelson,,F,USA,Nevada,Investment,4,No,Website,56.1013698630137,3,398206.3,1194618.9,1268.0466666666669,3,0,2,1
C1680,Individual,Danielle,Howard,,F,USA,California,Investment,4,No,Agency,56.1013698630137,3,221692.92333333334,665078.77,692.13,3,0,3,0
C1681,Individual,Carl,Alexander,,M,USA,Oregon,Home,3,Yes,Client,56.1013698630137,4,352076.235,1408304.94,1156.7625,4,0,3,1
C1682,Individual,Amanda,Brooks,1987-11-04,F,USA,Nevada,Home,2,No,Website,38.76438356164383,4,367476.3525,1469905.41,1257.0925,4,0,4,0
C1683,Individual,Amber,Patterson,,F,USA,Oregon,Investment,1,No,Client,56.1013698630137,4,352528.65,1410114.6,1144.74,4,0,2,2
C1684,Individual,Grace,Cooper,1977-01-07,F,USA,Colorado,Investment,4,No,Website,49.59452054794521,4,277360.0425,1109440.17,883.4825000000001,4,0,4,0
C1685,Individual,Kathleen,Parker,,F,USA,California,Home,5,No,Agency,56.1013698630137,3,369874.5833333333,1109623.75,1274.52,3,0,3,0
C1686,Individual,David,Howard,,M,USA,California,Investment,2,Yes,Agency,56.1013698630137,4,303594.455,1214377.82,1073.905,4,0,3,1
C1687,Individual,Eric,Anderson,,M,USA,California,Home,4,Yes,Website,56.1013698630137,4,256529.405,1026117.62,935.37,4,0,3,1
C1688,Individual,Amanda,Flores,,F,USA,Oregon,Home,5,No,Client,56.1013698630137,3,438128.09,1314384.27,1281.9566666666667,3,0,3,0
C1689,Individual,Virginia,King,,F,USA,Oregon,Investment,1,Yes,Client,56.1013698630137,3,298700.26666666666,896100.8,973.09,3,0,2,1
C1690,Individual,Terry,Martin,,M,Denmark,North Denmark,Home,2,Yes,Agency,56.1013698630137,3,554213.02,1662639.06,1754.9366666666667,3,0,3,0
C1691,Individual,Robert,Reed,,M,USA,Arizona,Home,5,No,Website,56.1013698630137,4,303182.9,1212731.6,984.9525,4,0,4,0
C1692,Individual,Joseph,Patterson,1991-08-03,M,Canada,Ontario,Home,5,Yes,Agency,35.016438356164386,4,291404.97750000004,1165619.9100000001,984.9525,4,0,4,0
C1693,Individual,Donald,Turner,,M,Belgium,Flanders,Home,1,No,Website,56.1013698630137,4,389258.77,1557035.08,1342.1525000000001,4,0,2,2
C1694,Individual,Gloria,Foster,,F,USA,Virginia,Home,5,No,Agency,56.1013698630137,4,364348.9325,1457395.73,1202.695,4,0,4,0
C1695,Individual,Tiffany,Peterson,,F,Belgium,Flanders,Home,5,No,Website,56.1013698630137,3,325288.73,975866.19,1111.2966666666666,3,0,3,0
C1696,Individual,Emily,Jones,,F,USA,Florida,Home,1,No,Website,56.1013698630137,4,329006.3375,1316025.35,1092.085,4,0,4,0
C1697,Individual,Maria,Brown,1980-07-08,F,Belgium,Brussels,Home,2,No,Client,46.09315068493151,4,200703.315,802813.26,700.7825,4,0,4,0
C1698,Individual,Zachary,Stone,1950-05-12,M,UK,Northern Ireland,Home,4,Yes,Website,76.27123287671233,3,254843.32333333333,764529.97,901.6266666666667,3,0,3,0
C1699,Individual,Peter,Phillips,,M,Australia,Western Australia,Home,3,Yes,Agency,56.1013698630137,4,290492.81,1161971.24,946.6524999999999,4,0,3,1
C1700,Individual,Nicholas,Young,1943-04-11,M,USA,Nevada,Home,3,No,Website,83.36164383561643,4,323412.0925,1293648.37,1050.5725,4,0,2,2
C1701,Individual,Karen,Montgomery,,F,USA,Arizona,Home,1,No,Website,56.1013698630137,3,305347.9066666667,916043.72,979.0866666666667,3,0,2,1
C1702,Individual,Frank,Alexander,1990-04-01,M,USA,Washington,Investment,5,Yes,Website,36.35616438356164,3,419727.16333333333,1259181.49,1477.03,3,0,1,2
C1703,Individual,Gerald,Cox,,M,USA,Texas,Investment,4,No,Agency,56.1013698630137,3,289555.25666666665,868665.77,980.8699999999999,3,0,3,0
C1704,Individual,Susan,Flores,,F,Denmark,Capital Region,Home,4,No,Agency,56.1013698630137,3,377163.5466666667,1131490.6400000001,1251.25,3,0,2,1
C1705,Individual,Kenneth,Howard,,M,USA,Virginia,Investment,3,Yes,Website,56.1013698630137,3,343995.8933333333,1031987.6799999999,1049.3066666666666,3,0,3,0
C1706,Individual,Matthew,Jordan,,M,USA,California,Home,3,Yes,Website,56.1013698630137,4,354305.37,1417221.48,1128.9675,4,0,4,0
C1707,Individual,Adam,Allen,,M,USA,Georgia,Home,1,Yes,Website,56.1013698630137,3,256869.87333333332,770609.62,899.7566666666667,3,0,3,0
C1708,Individual,Andrea,Wilson,1986-06-08,F,Germany,Hesse,Home,1,Yes,Agency,40.172602739726024,3,284808.84,854426.52,897.3100000000001,3,0,3,0
C1709,Individual,Danielle,Cox,1946-09-08,F,USA,Arizona,Investment,3,No,Agency,79.94794520547946,3,445472.0533333334,1336416.1600000001,1513.17,3,0,3,0
C1710,Individual,Joe,Flores,,M,Canada,Alberta,Investment,2,Yes,Website,56.1013698630137,3,342639.37333333335,1027918.12,1156.0800000000002,3,0,2,1
C1711,Individual,Debra,Hayes,,F,USA,California,Investment,3,Yes,Website,56.1013698630137,4,253903.2775,1015613.11,836.9425,4,0,3,1
C1712,Individual,Ryan,Turner,1971-04-03,M,France,Occitanie,Home,5,No,Website,55.364383561643834,4,320060.5375,1280242.15,1102.08,4,0,3,1
C1713,Individual,Julia,Cook,1981-08-02,F,USA,Oregon,Home,1,No,Website,45.02465753424657,4,350417.61250000005,1401670.4500000002,1186.5225,4,0,4,0
C1714,Individual,Nathan,Brooks,1948-05-07,M,USA,Colorado,Home,3,No,Website,78.28493150684932,4,263572.395,1054289.58,823.6625,4,0,3,1
C1715,Individual,Hannah,Watson,,F,USA,Florida,Home,3,Yes,Agency,56.1013698630137,4,246803.54499999998,987214.1799999999,900.39,4,0,3,1
C1716,Individual,Michelle,Montgomery,,F,USA,California,Home,1,No,Website,56.1013698630137,3,342428.82666666666,1027286.48,1129.1766666666665,3,0,3,0
C1717,Individual,Martha,Thomas,,F,USA,California,Home,4,Yes,Website,56.1013698630137,3,305202.0233333334,915606.0700000001,980.8699999999999,3,0,3,0
C1718,Individual,Janet,Peterson,1995-06-01,F,USA,California,Home,1,No,Website,31.186301369863013,4,340530.3675,1362121.47,1150.74,4,0,4,0
C1719,Company,Halcyon,Co,1960-10-05,M,USA,Florida,Home,2,No,Agency,65.86301369863014,3,392919.95999999996,1178759.88,1263.8633333333335,3,0,2,1
C1720,Individual,Danielle,Kim,1996-10-10,F,USA,California,Home,5,Yes,Website,29.824657534246576,4,349167.9425,1396671.77,1122.0925,4,0,4,0
C1721,Individual,Carl,Weaver,1986-10-12,M,USA,Nevada,Home,2,No,Agency,39.827397260273976,4,320682.4275,1282729.71,1034.0675,4,0,4,0
C1722,Individual,Jacqueline,Morris,,F,USA,Nevada,Home,3,No,Website,56.1013698630137,4,419091.43,1676365.72,1307.3,4,0,4,0
C1723,Individual,Carol,Allen,1998-02-02,F,Canada,Quebec,Home,2,Yes,Agency,28.50958904109589,4,271150.605,1084602.42,900.39,4,0,4,0
C1724,Individual,Justin,Cook,,M,USA,Virginia,Home,4,No,Website,56.1013698630137,4,411584.58999999997,1646338.3599999999,1358.9675,4,0,4,0
C1725,Individual,Sharon,Patterson,1959-12-01,F,USA,Nevada,Home,3,Yes,Website,66.7095890410959,4,338125.0575,1352500.23,1167.3975,4,0,4,0
C1726,Individual,Diane,Scott,,F,UK,Northern Ireland,Home,3,No,Website,56.1013698630137,3,380369.08,1141107.24,1193.7733333333333,3,0,2,1
C1727,Individual,Katherine,Morales,1945-06-12,F,USA,New York,Home,3,No,Website,81.18904109589042,4,390958.605,1563834.42,1210.7375,4,0,4,0
C1728,Individual,Kimberly,Garcia,1944-08-03,F,USA,Oregon,Home,3,Yes,Client,82.04657534246576,4,359078.145,1436312.58,1225.2649999999999,4,0,4,0
C1729,Individual,Robert,Richardson,,M,Canada,British Columbia,Home,3,Yes,Website,56.1013698630137,3,318785.51333333337,956356.54,1090.7733333333333,3,0,3,0
C1730,Individual,Jeffrey,Young,,M,Mexico,Puebla,Investment,5,Yes,Agency,56.1013698630137,3,265477.49333333335,796432.48,922.6899999999999,3,0,2,1
C1731,Individual,Nathan,Garcia,,M,USA,California,Home,4,Yes,Website,56.1013698630137,4,293055.02749999997,1172220.1099999999,966.56,4,0,3,1
C1732,Individual,Megan,Wilson,,F,Canada,Alberta,Investment,2,No,Agency,56.1013698630137,3,517001.27999999997,1551003.8399999999,1654.4733333333334,3,0,3,0
C1733,Individual,Helen,Jones,,F,USA,California,Home,3,Yes,Agency,56.1013698630137,4,294993.7725,1179975.09,1009.9325,4,0,3,1
C1734,Individual,Zachary,Roberts,,M,USA,California,Home,5,No,Website,56.1013698630137,3,359501.64666666667,1078504.94,1254.5033333333333,3,0,3,0
C1735,Individual,Amber,Miller,1969-07-10,F,USA,Utah,Investment,3,No,Website,57.0958904109589,3,379998.66,1139995.98,1258.3999999999999,3,0,3,0
C1736,Individual,Ann,Cook,,F,USA,California,Investment,4,Yes,Website,56.1013698630137,4,370560.97,1482243.88,1122.0925,4,0,4,0
C1737,Individual,Jennifer,Jackson,,F,USA,California,Investment,3,No,Website,56.1013698630137,3,353648.8566666667,1060946.57,1090.7733333333333,3,0,3,0
C1738,Individual,Sharon,Hall,,F,USA,California,Home,5,No,Website,56.1013698630137,3,287065.23,861195.69,1016.7633333333333,3,0,3,0
C1739,Individual,Steven,Smith,,M,Russia,Novosibirsk,Investment,3,Yes,Website,56.1013698630137,4,249586.12,998344.48,872.2,4,0,4,0
C1740,Individual,Ashley,Alexander,,F,USA,California,Home,5,Yes,Website,56.1013698630137,4,359753.33499999996,1439013.3399999999,1164.015,4,0,4,0
C1741,Individual,Alexander,Wright,,M,USA,Virginia,Home,5,No,Website,56.1013698630137,4,327678.26,1310713.04,1140.38,4,0,3,1
C1742,Company,Crestwood,Co,,F,USA,California,Home,5,No,Agency,56.1013698630137,3,392618.73666666663,1177856.21,1431.79,3,0,2,1
C1743,Individual,Linda,Bell,,F,Belgium,Flanders,Home,1,No,Client,56.1013698630137,3,279689.76,839069.28,881.7833333333333,3,0,3,0
C1744,Individual,Brian,Green,,M,Russia,Krasnodar Krai,Investment,1,No,Website,56.1013698630137,4,330000.605,1320002.42,1092.085,4,0,4,0
C1745,Individual,Ann,Sanders,,F,USA,California,Home,1,No,Website,56.1013698630137,3,420498.5,1261495.5,1487.6599999999999,3,0,3,0
C1746,Individual,Jennifer,Cox,,F,Belgium,Flanders,Home,3,No,Website,56.1013698630137,3,264611.95,793835.85,874.19,3,0,3,0
C1747,Individual,Bryan,Flores,,M,USA,Colorado,Home,5,No,Client,56.1013698630137,3,338887.14666666667,1016661.44,1059.1499999999999,3,0,2,1
C1748,Individual,Albert,Jones,1950-11-11,M,USA,California,Home,4,Yes,Website,75.76986301369863,3,370757.48666666663,1112272.46,1274.52,3,0,2,1
C1749,Individual,Brandon,Moore,,M,USA,California,Home,3,No,Website,56.1013698630137,3,277555.20666666667,832665.62,862.1066666666666,3,0,3,0
C1750,Company,Stratos,Co,1991-12-01,M,USA,Colorado,Home,3,No,Website,34.68767123287671,4,374290.9325,1497163.73,1150.2,4,0,4,0
C1751,Individual,Christine,Scott,,F,USA,Ohio,Home,5,No,Website,56.1013698630137,4,218280.1175,873120.47,700.7825,4,0,3,1
C1752,Individual,Jonathan,Cook,1980-06-02,M,USA,California,Investment,1,Yes,Website,46.19178082191781,3,373200.1566666667,1119600.47,1152.5966666666666,3,0,3,0
C1753,Individual,Arthur,Peterson,,M,USA,Georgia,Investment,3,Yes,Website,56.1013698630137,3,256692.49333333332,770077.48,964.2666666666668,3,0,3,0
C1754,Individual,Frank,Gray,1995-11-11,M,USA,Virginia,Home,2,Yes,Website,30.73972602739726,3,453851.74666666664,1361555.24,1471.8999999999999,3,0,3,0
C1755,Individual,Mark,Griffin,,M,USA,Nevada,Home,1,Yes,Website,56.1013698630137,3,224038.9733333333,672116.9199999999,776.2433333333333,3,0,3,0
C1756,Individual,Daniel,Cook,,M,USA,Utah,Home,1,No,Website,56.1013698630137,4,370351.09750000003,1481404.3900000001,1146.0149999999999,4,0,3,1
C1757,Individual,Brian,Hayes,1985-01-07,M,Germany,Bavaria,Home,3,No,Client,41.58904109589041,3,375122.2066666667,1125366.62,1182.08,3,0,3,0
C1758,Individual,Carl,Pierce,,M,USA,Oregon,Investment,4,Yes,Agency,56.1013698630137,4,251620.29499999998,1006481.1799999999,801.065,4,0,3,1
C1759,Individual,Jose,Stone,1974-10-10,M,USA,California,Investment,1,No,Website,51.84109589041096,4,257979.305,1031917.22,831.47,4,0,4,0
C1760,Individual,Mary,Harris,1975-07-10,F,Belgium,Brussels,Home,2,No,Website,51.09315068493151,4,363589.58,1454358.32,1265.3825,4,0,2,2
C1761,Individual,Nicholas,Thompson,1955-08-01,M,USA,Washington,Home,1,No,Website,71.04657534246576,4,295443.1075,1181772.43,972.335,4,0,4,0
C1762,Individual,Larry,Harris,,M,USA,Virginia,Home,1,No,Website,56.1013698630137,3,341117.4066666667,1023352.22,1090.9466666666667,3,0,3,0
C1763,Individual,Kimberly,Young,,F,USA,New York,Home,3,No,Website,56.1013698630137,4,447345.4175,1789381.67,1374.585,4,0,2,2
C1764,Individual,Kelly,Baker,1946-05-11,F,USA,Nevada,Home,2,No,Agency,80.27671232876712,4,417083.795,1668335.18,1338.8999999999999,4,0,2,2
C1765,Individual,Pamela,Reyes,1997-01-05,F,USA,Colorado,Home,1,Yes,Client,29.586301369863012,4,433541.8775,1734167.51,1577.2325,4,0,4,0
C1766,Individual,Sharon,Bennett,1993-05-05,F,USA,California,Home,4,No,Website,33.26027397260274,4,342811.77,1371247.08,1071.3925,4,0,4,0
C1767,Individual,Joe,Sanders,,M,USA,Colorado,Home,3,No,Website,56.1013698630137,4,363959.72750000004,1455838.9100000001,1123.3175,4,0,2,2
C1768,Individual,Cynthia,Hughes,1943-01-03,F,Russia,Saint Petersburg,Home,4,No,Website,83.63013698630137,4,246276.3025,985105.21,834.6575,4,0,4,0
C1769,Company,Forsyte,Co,,M,USA,Oregon,Home,1,Yes,Client,56.1013698630137,3,328636.3333333333,985909.0,1101.55,3,0,2,1
C1770,Individual,Betty,Parker,,F,USA,Washington,Home,1,Yes,Agency,56.1013698630137,3,444923.80666666664,1334771.42,1469.18,3,0,3,0
C1771,Company,Atlas,Co,,M,USA,Georgia,Home,3,Yes,Client,56.1013698630137,3,426965.3233333333,1280895.97,1435.6633333333332,3,0,3,0
C1772,Company,Forsyte,Co,,F,Canada,Alberta,Investment,5,Yes,Agency,56.1013698630137,4,276320.48,1105281.92,1015.8675,4,0,3,1
C1773,Individual,Kenneth,Williams,,M,USA,Nevada,Investment,3,Yes,Agency,56.1013698630137,4,321035.2975,1284141.19,984.6475,4,0,3,1
C1774,Individual,Frank,James,,M,USA,Oregon,Home,4,No,Agency,56.1013698630137,4,292333.8725,1169335.49,1008.6625,4,0,4,0
C1775,Individual,Betty,Howard,1970-07-10,F,USA,California,Home,3,No,Agency,56.0958904109589,4,353694.2475,1414776.99,1102.9724999999999,4,0,4,0
C1776,Individual,Martha,Mitchell,1973-01-09,F,France,Occitanie,Home,1,No,Website,53.59178082191781,3,357239.4666666666,1071718.4,1196.1733333333334,3,0,3,0
C1777,Individual,Jason,Long,,M,USA,California,Investment,5,No,Client,56.1013698630137,3,261543.31666666665,784629.95,900.46,3,0,3,0
C1778,Individual,Jeffrey,Cox,1994-09-01,M,USA,Georgia,Investment,4,Yes,Website,31.934246575342467,3,405554.93999999994,1216664.8199999998,1339.73,3,0,3,0
C1779,Individual,Sharon,Thomas,,F,USA,California,Home,5,No,Client,56.1013698630137,4,390809.13749999995,1563236.5499999998,1287.1,4,0,4,0
C1780,Individual,Richard,Patterson,,M,USA,Utah,Investment,1,No,Website,56.1013698630137,4,433889.28750000003,1735557.1500000001,1341.715,4,0,2,2
C1781,Individual,Betty,Thomas,1968-08-10,F,USA,California,Home,4,No,Website,58.010958904109586,4,345829.105,1383316.42,1164.0149999999999,4,0,4,0
C1782,Individual,Ann,King,1999-04-12,F,UK,England,Investment,1,No,Website,27.32054794520548,4,224411.6375,897646.55,783.64,4,0,4,0
C1783,Individual,Jacob,Garcia,1954-07-03,M,USA,California,Home,3,No,Website,72.12602739726027,4,284120.73,1136482.92,883.805,4,0,3,1
C1784,Individual,Albert,Moore,,M,Australia,Western Australia,Home,3,No,Client,56.1013698630137,4,338068.6325,1352274.53,1106.8725,4,0,4,0
C1785,Individual,Lauren,Allen,,F,USA,Colorado,Home,1,Yes,Website,56.1013698630137,3,335522.74333333335,1006568.23,1156.5633333333333,3,0,2,1
C1786,Individual,Adam,White,1995-07-03,M,USA,California,Home,1,No,Website,31.0986301369863,4,311773.805,1247095.22,1102.2725,4,0,3,1
C1787,Individual,Stephen,Flores,,M,USA,Georgia,Investment,5,No,Agency,56.1013698630137,4,322396.355,1289585.42,1029.38,4,0,1,3
C1788,Individual,Zachary,James,,M,USA,California,Home,3,No,Website,56.1013698630137,3,372292.27,1116876.81,1155.6966666666667,3,0,3,0
C1789,Individual,Edward,Brooks,,M,USA,Colorado,Home,5,Yes,Agency,56.1013698630137,3,453201.7,1359605.1,1526.9566666666667,3,0,2,1
C1790,Individual,Jacob,Hansen,,M,USA,Nevada,Investment,5,No,Client,56.1013698630137,4,333880.27,1335521.08,1159.9675,4,0,4,0
C1791,Individual,Gerald,Scott,,M,USA,California,Home,5,No,Agency,56.1013698630137,3,298170.93333333335,894512.8,1050.08,3,0,3,0
C1792,Individual,Terry,Pierce,,M,USA,California,Home,3,No,Agency,56.1013698630137,4,487140.81,1948563.24,1676.3825,4,0,3,1
C1793,Individual,Richard,James,1969-05-04,M,USA,Utah,Investment,1,No,Website,57.27945205479452,4,329381.2575,1317525.03,1102.08,4,0,4,0
C1794,Individual,Douglas,Chavez,,M,USA,Colorado,Home,3,No,Website,56.1013698630137,4,344619.015,1378476.06,1137.5875,4,0,4,0
C1795,Individual,William,Brown,1945-01-12,M,USA,California,Home,5,Yes,Website,81.6027397260274,4,264504.985,1058019.94,827.2,4,0,1,3
C1796,Individual,Betty,Hughes,,F,USA,California,Investment,5,Yes,Client,56.1013698630137,3,386306.64666666667,1158919.94,1286.4833333333333,3,0,3,0
C1797,Individual,Katherine,Howard,,F,USA,Oregon,Home,3,Yes,Website,56.1013698630137,3,303515.30666666664,910545.9199999999,1033.6200000000001,3,0,3,0
C1798,Individual,Bryan,Peterson,1966-10-08,M,USA,Arizona,Investment,1,Yes,Website,59.85205479452055,4,400280.4475,1601121.79,1263.96,4,0,2,2
C1799,Individual,Cheryl,Freeman,1950-11-01,F,USA,Colorado,Home,5,No,Agency,75.7972602739726,4,255698.1225,1022792.49,823.6625,4,0,4,0
C1800,Individual,James,Campbell,,M,USA,Oregon,Home,1,No,Client,56.1013698630137,3,373654.3666666667,1120963.1,1301.6499999999999,3,0,2,1
C1801,Individual,Jose,Howard,1964-08-02,M,USA,California,Home,5,Yes,Website,62.035616438356165,3,491021.91,1473065.73,1422.97,3,0,2,1
C1802,Individual,Jack,Morris,,M,USA,Nevada,Investment,1,No,Client,56.1013698630137,4,288994.8725,1155979.49,1011.5875,4,0,4,0
C1803,Individual,Susan,Bennett,,F,Canada,Quebec,Investment,5,No,Agency,56.1013698630137,3,443242.73,1329728.19,1443.9800000000002,3,0,2,1
C1804,Individual,Albert,Kim,1989-03-03,M,USA,California,Home,1,No,Website,37.43561643835616,4,433844.1375,1735376.55,1504.0974999999999,4,0,4,0
C1805,Individual,Austin,Kim,1953-09-01,M,UK,Northern Ireland,Investment,3,No,Website,72.96164383561644,4,467917.5425,1871670.17,1699.3675,4,0,3,1
C1806,Individual,Martha,Turner,,F,Australia,New South Wales,Investment,2,No,Agency,56.1013698630137,3,324940.62,974821.86,1049.3066666666666,3,0,3,0
C1807,Individual,Angela,Allen,1957-05-02,F,France,Brittany,Home,5,No,Website,69.2931506849315,3,506977.26,1520931.78,1469.18,3,0,2,1
C1808,Individual,Victoria,Stewart,1990-08-01,F,USA,Washington,Investment,2,No,Client,36.02191780821918,4,275732.86250000005,1102931.4500000002,989.46,4,0,4,0
C1809,Individual,Laura,White,1981-03-05,F,USA,New York,Home,4,Yes,Agency,45.43561643835616,4,305313.2625,1221253.05,1104.2925,4,0,4,0
C1810,Individual,Maria,Collins,1945-06-01,F,USA,Texas,Home,3,No,Agency,81.21917808219177,3,330620.95666666667,991862.87,1138.4233333333334,3,0,3,0
C1811,Individual,Stephanie,Williams,,F,USA,California,Home,3,Yes,Agency,56.1013698630137,4,297379.975,1189519.9,1029.73,4,0,4,0
C1812,Individual,Ryan,White,,M,France,Provence,Home,5,Yes,Website,56.1013698630137,4,270220.0,1080880.0,955.7624999999999,4,0,3,1
C1813,Individual,Walter,Jordan,1947-02-12,M,Germany,Hamburg,Investment,3,Yes,Website,79.51780821917808,4,388079.0975,1552316.39,1294.645,4,0,2,2
C1814,Individual,Scott,Roberts,1987-07-04,M,Denmark,North Denmark,Home,2,No,Website,39.1013698630137,4,325815.4975,1303261.99,1153.0825,4,0,4,0
C1815,Individual,Aaron,Carter,,M,USA,California,Home,5,No,Agency,56.1013698630137,4,295657.075,1182628.3,942.035,4,0,3,1
C1816,Individual,Sean,Miller,1962-08-04,M,Canada,Quebec,Home,2,No,Website,64.03287671232877,4,269719.2175,1078876.87,909.9825,4,0,4,0
C1817,Individual,Cynthia,Garcia,,F,USA,Virginia,Home,1,No,Agency,56.1013698630137,3,413555.8833333333,1240667.65,1412.0199999999998,3,0,3,0
C1818,Individual,Christine,Wood,,F,USA,Washington,Investment,5,Yes,Website,56.1013698630137,3,271599.02,814797.06,851.4266666666667,3,0,3,0
C1819,Individual,William,Brown,1963-11-02,M,Russia,Krasnodar Krai,Home,1,No,Website,62.78630136986301,3,355881.44333333336,1067644.33,1339.7466666666667,3,0,3,0
C1820,Individual,Nicholas,Howard,,M,France,Provence,Home,3,No,Website,56.1013698630137,4,242608.735,970434.94,840.8725,4,0,4,0
C1821,Individual,Adam,Smith,,M,USA,Nevada,Home,5,No,Website,56.1013698630137,4,433423.15499999997,1733692.6199999999,1244.8049999999998,4,0,2,2
C1822,Individual,Frank,Weaver,,M,USA,Oregon,Investment,5,Yes,Website,56.1013698630137,4,347036.9375,1388147.75,1184.81,4,0,4,0
C1823,Individual,Jacob,Watson,1967-11-08,M,USA,Oregon,Home,4,Yes,Website,58.76712328767123,3,331308.62,993925.86,994.8266666666667,3,0,2,1
C1824,Individual,Jeffrey,Weaver,1962-05-09,M,USA,California,Home,3,No,Website,64.27123287671233,4,236259.2425,945036.97,857.7574999999999,4,0,3,1
C1825,Individual,Eric,Jones,,M,Mexico,Nuevo Leon,Home,2,No,Agency,56.1013698630137,4,237192.48249999998,948769.9299999999,802.7125,4,0,4,0
C1826,Individual,Jack,Williams,1951-08-06,M,USA,Ohio,Home,4,No,Client,75.03561643835616,4,325008.8025,1300035.21,1159.5325,4,0,3,1
C1827,Individual,Donald,Thompson,1973-02-01,M,USA,New York,Home,5,Yes,Website,53.52876712328767,4,305382.4425,1221529.77,988.7175,4,0,3,1
C1828,Individual,William,Wood,,M,USA,California,Investment,2,Yes,Website,56.1013698630137,4,299803.3125,1199213.25,1114.2125,4,0,3,1
C1829,Individual,Rachel,Ward,,F,USA,California,Home,5,Yes,Agency,56.1013698630137,3,398031.94333333336,1194095.83,1394.21,3,0,2,1
C1830,Individual,Virginia,Owens,,F,USA,Arizona,Home,3,No,Website,56.1013698630137,3,454436.54666666663,1363309.64,1487.6599999999999,3,0,2,1
C1831,Individual,Janice,Smith,,F,Russia,Tatarstan,Home,3,No,Website,56.1013698630137,4,251180.0675,1004720.27,972.335,4,0,4,0
C1832,Individual,Henry,Garcia,,M,USA,Oregon,Investment,1,Yes,Website,56.1013698630137,4,320597.735,1282390.94,1103.3225,4,0,4,0
C1833,Individual,Jennifer,Weaver,,F,USA,Arizona,Investment,1,Yes,Website,56.1013698630137,3,377362.2766666667,1132086.83,1357.1933333333334,3,0,3,0
C1834,Individual,Zachary,Phillips,,M,Belgium,Flanders,Investment,5,No,Agency,56.1013698630137,4,305568.64999999997,1222274.5999999999,948.835,4,0,3,1
C1835,Individual,Nicole,Pierce,,F,Canada,Alberta,Investment,4,Yes,Agency,56.1013698630137,3,246403.86666666667,739211.6,849.7466666666668,3,0,3,0
C1836,Individual,Judy,Wood,1960-08-10,F,USA,California,Investment,1,Yes,Website,66.01643835616439,4,303443.8275,1213775.31,958.755,4,0,3,1
C1837,Individual,Julia,Freeman,1950-06-04,F,USA,California,Home,2,Yes,Client,76.20821917808219,4,376895.9225,1507583.69,1333.2775,4,0,4,0
C1838,Individual,Joyce,Morales,,F,Canada,Alberta,Investment,1,No,Agency,56.1013698630137,4,316586.145,1266344.58,1030.83,4,0,3,1
C1839,Individual,Kyle,Gray,,M,USA,California,Investment,2,No,Agency,56.1013698630137,4,241973.635,967894.54,821.355,4,0,4,0
C1840,Individual,Gerald,Weaver,,M,UK,England,Investment,3,No,Website,56.1013698630137,3,303835.3433333333,911506.03,1064.7333333333333,3,0,2,1
C1841,Individual,Austin,Williams,,M,USA,New York,Home,4,No,Website,56.1013698630137,4,403022.0325,1612088.13,1374.585,4,0,4,0
C1842,Company,Rexon,Co,1978-08-10,M,Canada,Alberta,Home,3,Yes,Agency,48.00547945205479,3,417609.12333333335,1252827.37,1407.5133333333333,3,0,3,0
C1843,Individual,Jose,Stone,,M,Germany,Hesse,Home,4,No,Website,56.1013698630137,4,371962.4125,1487849.65,1218.84,4,0,3,1
C1844,Individual,Grace,Howard,,F,USA,Ohio,Home,1,No,Agency,56.1013698630137,4,258284.6275,1033138.51,837.88,4,0,3,1
C1845,Individual,Joshua,Green,1949-11-09,M,USA,California,Investment,1,Yes,Website,76.77534246575343,3,296374.8933333333,889124.6799999999,972.0533333333333,3,0,3,0
C1846,Individual,Sara,Allen,,F,Russia,Novosibirsk,Home,5,Yes,Agency,56.1013698630137,3,295339.18333333335,886017.55,980.8699999999999,3,0,3,0
C1847,Individual,Brian,Griffin,1952-01-04,M,USA,Utah,Home,4,No,Website,74.62191780821918,4,270212.7125,1080850.85,859.7125,4,0,4,0
C1848,Individual,Sarah,Davis,,F,USA,California,Home,2,No,Website,56.1013698630137,4,398838.205,1595352.82,1295.0974999999999,4,0,3,1
C1849,Individual,Joseph,Wilson,1976-02-09,M,Canada,Alberta,Investment,3,Yes,Website,50.50684931506849,3,339746.36,1019239.08,1016.7633333333333,3,0,2,1
C1850,Individual,Gregory,Miller,,M,USA,New York,Investment,5,Yes,Agency,56.1013698630137,4,345247.6875,1380990.75,1176.685,4,0,4,0
C1851,Individual,Kimberly,Miller,1954-08-06,F,UK,England,Home,3,Yes,Agency,72.03287671232877,4,388135.9925,1552543.97,1153.5575,4,0,1,3
C1852,Individual,Julie,Hall,,F,USA,Virginia,Home,4,No,Website,56.1013698630137,3,558024.0233333333,1674072.07,1733.68,3,0,2,1
C1853,Individual,Jennifer,Owens,,F,USA,Virginia,Investment,4,No,Website,56.1013698630137,4,301832.2875,1207329.15,1012.5575,4,0,4,0
C1854,Company,Rexon,Co,,M,France,Ile-de-France,Investment,1,No,Client,56.1013698630137,4,346999.255,1387997.02,1104.2925,4,0,4,0
C1855,Individual,Gloria,Hansen,1984-07-02,F,USA,California,Home,2,Yes,Website,42.106849315068494,4,279326.46499999997,1117305.8599999999,874.6275,4,0,4,0
C1856,Company,Altira,Co,,M,USA,Virginia,Home,2,No,Website,56.1013698630137,3,405410.47666666674,1216231.4300000002,1334.1000000000001,3,0,3,0
C1857,Individual,Walter,Johnson,,M,USA,California,Investment,2,Yes,Website,56.1013698630137,3,306604.98,919814.94,932.37,3,0,2,1
C1858,Individual,Amy,Hayes,1958-05-06,F,USA,Colorado,Home,5,No,Website,68.28219178082192,3,387319.43,1161958.29,1267.5866666666668,3,0,3,0
C1859,Individual,Zachary,Taylor,,M,USA,California,Home,5,Yes,Client,56.1013698630137,4,271890.3975,1087561.59,862.28,4,0,2,2
C1860,Company,Caldera,Co,,F,USA,California,Home,4,Yes,Agency,56.1013698630137,4,415299.3725,1661197.49,1338.8999999999999,4,0,4,0
C1861,Individual,Nathan,Evans,1982-08-01,M,USA,California,Investment,3,Yes,Website,44.02739726027397,4,368794.7375,1475178.95,1239.9025000000001,4,0,4,0
C1862,Individual,Joshua,Long,,M,USA,California,Home,1,Yes,Website,56.1013698630137,3,329590.39,988771.17,1076.69,3,0,3,0
C1863,Individual,Megan,Hansen,1948-04-03,F,UK,Scotland,Home,3,No,Website,78.37808219178082,4,320328.255,1281313.02,1039.19,4,0,4,0
C1864,Individual,Hannah,Weaver,,F,USA,New York,Home,5,Yes,Website,56.1013698630137,4,282932.65,1131730.6,1027.325,4,0,3,1
C1865,Individual,Sean,Rogers,1974-11-01,M,USA,Arizona,Investment,4,No,Website,51.78082191780822,3,364084.41333333333,1092253.24,1196.1733333333334,3,0,2,1
C1866,Individual,Joyce,Martin,,F,USA,Nevada,Home,2,No,Agency,56.1013698630137,4,405048.8575,1620195.43,1380.26,4,0,4,0
C1867,Individual,Robert,Richardson,,M,USA,California,Home,2,Yes,Website,56.1013698630137,3,253927.2666666667,761781.8,791.0400000000001,3,0,2,1
C1868,Individual,Michelle,Thomas,,F,UK,Wales,Home,1,No,Website,56.1013698630137,4,367348.6075,1469394.43,1198.3725,4,0,3,1
C1869,Individual,Margaret,Campbell,1975-05-10,F,Mexico,Nuevo Leon,Home,5,No,Client,51.26027397260274,4,333849.84,1335399.36,1132.7375,4,0,3,1
C1870,Individual,Lawrence,Moore,,M,USA,Washington,Investment,1,No,Agency,56.1013698630137,3,226955.31333333332,680865.94,842.68,3,0,2,1
C1871,Individual,Amy,Reyes,,F,USA,Texas,Home,1,Yes,Website,56.1013698630137,4,274116.6925,1096466.77,1000.415,4,0,3,1
C1872,Individual,Raymond,Jones,,M,Mexico,Mexico City,Home,5,No,Client,56.1013698630137,3,428040.42333333334,1284121.27,1452.2633333333333,3,0,3,0
C1873,Individual,Cheryl,Collins,1959-10-03,F,Canada,British Columbia,Home,5,No,Agency,66.87123287671233,4,210402.8825,841611.53,727.265,4,0,3,1
C1874,Individual,Justin,Cooper,,M,USA,Colorado,Investment,1,No,Agency,56.1013698630137,3,352787.33,1058361.99,1125.17,3,0,3,0
C1875,Individual,Melissa,Roberts,,F,USA,Nevada,Home,2,No,Client,56.1013698630137,3,406717.9533333333,1220153.8599999999,1339.73,3,0,2,1
C1876,Company,Bravada,Co,,M,USA,Ohio,Investment,4,Yes,Website,56.1013698630137,3,514662.11333333334,1543986.34,1523.6933333333334,3,0,3,0
C1877,Individual,Walter,Bryant,,M,USA,Arizona,Home,5,No,Agency,56.1013698630137,3,301966.5966666667,905899.79,1008.13,3,0,2,1
C1878,Individual,Paul,Rogers,1967-07-10,M,USA,Washington,Home,5,No,Agency,59.0986301369863,3,319534.4533333333,958603.36,1097.4366666666667,3,0,3,0
C1879,Individual,Deborah,Roberts,,F,USA,New York,Home,3,No,Website,56.1013698630137,3,512098.2266666666,1536294.68,1504.28,3,0,2,1
C1880,Individual,Joan,Morales,,F,USA,California,Home,5,Yes,Client,56.1013698630137,4,329984.8825,1319939.53,1053.27,4,0,4,0
C1881,Individual,Brenda,Phillips,,F,USA,Oregon,Home,2,Yes,Website,56.1013698630137,3,324243.6966666667,972731.0900000001,1127.1499999999999,3,0,2,1
C1882,Individual,Deborah,Turner,,F,USA,Virginia,Investment,3,No,Website,56.1013698630137,3,294714.7,884144.1,934.4333333333334,3,0,3,0
C1883,Individual,Sean,Peterson,1941-11-02,M,USA,California,Home,1,No,Agency,84.8,4,469349.82999999996,1877399.3199999998,1489.11,4,0,4,0
C1884,Individual,Terry,Bell,1954-06-08,M,USA,Nevada,Home,5,Yes,Website,72.1945205479452,3,310331.4033333334,930994.2100000001,997.4133333333333,3,0,3,0
C1885,Individual,Ryan,Bell,,M,Germany,Hamburg,Home,1,Yes,Agency,56.1013698630137,4,435245.9925,1740983.97,1564.0774999999999,4,0,4,0
C1886,Individual,Maria,Richardson,,F,USA,California,Home,5,No,Website,56.1013698630137,3,258097.97666666665,774293.9299999999,842.68,3,0,3,0
C1887,Individual,Emma,Campbell,1986-07-01,F,USA,Oregon,Investment,1,No,Agency,40.10958904109589,3,274333.25333333336,822999.76,941.2099999999999,3,0,3,0
C1888,Individual,Donald,Griffin,1962-06-08,M,USA,California,Home,3,No,Website,64.18904109589042,4,245490.5025,981962.01,820.9224999999999,4,0,4,0
C1889,Individual,Matthew,Richardson,1987-10-07,M,USA,California,Home,4,Yes,Website,38.84109589041096,3,397869.76666666666,1193609.3,1205.9633333333334,3,0,2,1
C1890,Individual,Mark,Nelson,1954-12-03,M,Canada,Ontario,Home,4,No,Client,71.7068493150685,4,302414.8175,1209659.27,1042.1725000000001,4,0,3,1
C1891,Individual,Gary,James,1972-02-06,M,USA,Oregon,Home,2,No,Agency,54.51780821917808,4,366620.69999999995,1466482.7999999998,1244.8049999999998,4,0,3,1
C1892,Individual,Nancy,Jones,1951-06-06,F,USA,Nevada,Investment,5,Yes,Agency,75.2027397260274,3,326212.98,978638.94,1033.4833333333333,3,0,3,0
C1893,Individual,Ann,Davis,,F,USA,Washington,Home,1,Yes,Website,56.1013698630137,4,364683.21,1458732.84,1146.0149999999999,4,0,3,1
C1894,Individual,Joyce,Hall,1944-11-03,F,USA,Texas,Investment,4,No,Website,81.79452054794521,4,321229.5925,1284918.37,1027.81,4,0,3,1
C1895,Company,Caldera,Co,1969-07-01,M,USA,Nevada,Investment,4,No,Agency,57.12054794520548,3,390190.62000000005,1170571.86,1308.5133333333333,3,0,2,1
C1896,Individual,Andrew,Bryant,,M,USA,Virginia,Investment,3,No,Agency,56.1013698630137,3,386103.6666666667,1158311.0,1139.1533333333334,3,0,3,0
C1897,Individual,Catherine,Rogers,,F,Canada,Ontario,Home,2,No,Website,56.1013698630137,4,277229.58499999996,1108918.3399999999,941.61,4,0,4,0
C1898,Individual,Daniel,James,1979-05-01,M,USA,New York,Home,1,Yes,Website,47.28219178082192,4,289929.385,1159717.54,951.8199999999999,4,0,3,1
C1899,Individual,Joe,Mitchell,1996-05-04,M,UK,England,Home,3,No,Website,30.26027397260274,3,333875.76,1001627.28,1221.3833333333334,3,0,3,0
C1900,Individual,Rachel,Griffin,1998-07-09,F,UK,England,Investment,4,No,Client,28.07945205479452,4,296472.4475,1185889.79,1210.7375000000002,4,0,3,1
C1901,Individual,Justin,Stewart,,M,Canada,British Columbia,Home,4,No,Agency,56.1013698630137,4,339420.175,1357680.7,1151.37,4,0,3,1
C1902,Company,Grandis,Co,1980-09-11,M,USA,Colorado,Investment,2,No,Agency,45.915068493150685,4,281900.2325,1127600.93,885.395,4,0,3,1
C1903,Individual,Nicole,Bennett,1991-01-12,F,USA,Nevada,Home,2,No,Website,35.57260273972603,4,363284.76749999996,1453139.0699999998,1192.72,4,0,4,0
C1904,Individual,Christian,Nelson,,M,USA,Texas,Home,2,Yes,Website,56.1013698630137,4,334316.4175,1337265.67,1073.7375,4,0,4,0
C1905,Individual,James,Morris,1961-02-02,M,USA,Virginia,Home,1,No,Website,65.53424657534246,3,393509.7833333334,1180529.35,1354.2933333333333,3,0,2,1
C1906,Individual,Michelle,Adams,,F,USA,California,Home,2,No,Agency,56.1013698630137,4,371795.6675,1487182.67,1158.6325,4,0,2,2
C1907,Individual,Kyle,Wright,1950-12-03,M,USA,Colorado,Home,3,No,Website,75.7095890410959,4,437870.28750000003,1751481.1500000001,1349.2,4,0,1,3
C1908,Individual,Andrea,Moore,,F,USA,California,Home,2,No,Website,56.1013698630137,4,385928.625,1543714.5,1324.385,4,0,3,1
C1909,Individual,Heather,Pierce,1985-04-12,F,USA,California,Investment,2,No,Agency,41.32876712328767,3,412887.92,1238663.76,1313.16,3,0,2,1
C1910,Company,Telnox,Co,1985-04-10,M,USA,California,Home,2,Yes,Agency,41.33424657534247,4,204198.47749999998,816793.9099999999,735.11,4,0,4,0
C1911,Individual,Noah,Murray,1989-11-01,M,USA,California,Home,5,No,Agency,36.76986301369863,3,398563.98333333334,1195691.95,1268.0466666666669,3,0,3,0
C1912,Individual,Amanda,Jackson,,F,USA,Utah,Investment,1,No,Website,56.1013698630137,3,287957.07,863871.21,952.0733333333334,3,0,1,2
C1913,Individual,Gary,King,1980-12-11,M,France,Provence,Home,5,No,Website,45.66575342465753,4,302588.3825,1210353.53,972.245,4,0,4,0
C1914,Individual,Brenda,Gray,,F,UK,Scotland,Home,4,Yes,Website,56.1013698630137,3,517928.9266666667,1553786.78,1584.7333333333333,3,0,2,1
C1915,Individual,Angela,Williams,1964-09-06,F,USA,Arizona,Investment,4,No,Client,61.93972602739726,3,338394.86,1015184.58,1076.6899999999998,3,0,2,1
C1916,Individual,Zachary,Weaver,,M,USA,California,Investment,2,No,Website,56.1013698630137,3,419019.50666666665,1257058.52,1303.7766666666666,3,0,3,0
C1917,Individual,Angela,Montgomery,,F,Australia,New South Wales,Home,2,No,Client,56.1013698630137,4,251858.3075,1007433.23,820.9224999999999,4,0,4,0
C1918,Individual,Dorothy,Murray,,F,USA,California,Home,1,No,Client,56.1013698630137,4,254850.3775,1019401.51,765.6675,4,0,2,2
C1919,Company,Vantage,Co,,F,USA,Nevada,Investment,1,No,Website,56.1013698630137,4,270753.94,1083015.76,929.2725,4,0,4,0
C1920,Individual,Jonathan,Pierce,,M,Germany,North Rhine-Westphalia,Home,5,No,Agency,56.1013698630137,4,380897.23,1523588.92,1278.045,4,0,4,0
C1921,Individual,Carolyn,Adams,,F,France,Provence,Home,5,No,Website,56.1013698630137,3,326931.2266666666,980793.6799999999,1089.46,3,0,1,2
C1922,Individual,Jessica,Garcia,1988-09-01,F,USA,California,Home,1,No,Agency,37.93698630136986,3,516612.05666666664,1549836.17,1592.1233333333332,3,0,3,0
C1923,Individual,Sarah,Cooper,1947-07-03,F,Mexico,Jalisco,Investment,1,Yes,Client,79.13150684931507,4,325729.29,1302917.16,1140.38,4,0,3,1
C1924,Individual,Joe,Cooper,1958-03-01,M,USA,California,Home,3,No,Client,68.46301369863014,4,363488.5925,1453954.37,1253.3075,4,0,4,0
C1925,Individual,Jordan,Baker,,M,USA,Colorado,Home,2,No,Agency,56.1013698630137,4,291313.235,1165252.94,1093.05,4,0,3,1
C1926,Individual,Joshua,Watson,1997-05-11,M,Mexico,Puebla,Home,1,Yes,Website,29.24109589041096,4,309508.5075,1238034.03,1014.73,4,0,3,1
C1927,Individual,Victoria,Long,1952-05-11,F,USA,California,Investment,1,Yes,Website,74.27123287671233,4,331368.735,1325474.94,1280.6875,4,0,4,0
C1928,Individual,Paul,Scott,,M,Australia,New South Wales,Home,4,Yes,Client,56.1013698630137,3,247310.07333333333,741930.22,736.0433333333334,3,0,3,0
C1929,Individual,Angela,Baker,,F,Mexico,Jalisco,Home,1,Yes,Agency,56.1013698630137,4,332468.74,1329874.96,1127.175,4,0,4,0
C1930,Individual,Rachel,Adams,,F,USA,Colorado,Investment,3,No,Agency,56.1013698630137,4,296248.0575,1184992.23,990.9875000000001,4,0,4,0
C1931,Individual,Melissa,Jackson,1995-01-05,F,USA,Utah,Home,5,Yes,Website,31.589041095890412,4,330971.02749999997,1323884.1099999999,1047.99,4,0,4,0
C1932,Individual,Dorothy,Allen,,F,USA,California,Investment,2,No,Website,56.1013698630137,4,428287.2975,1713149.19,1342.1525000000001,4,0,4,0
C1933,Company,Oasis,Co,1994-05-04,F,Australia,Queensland,Home,1,No,Client,32.26301369863014,3,274142.68333333335,822428.05,851.87,3,0,2,1
C1934,Individual,Noah,Montgomery,,M,France,Ile-de-France,Investment,4,Yes,Client,56.1013698630137,4,429846.115,1719384.46,1422.9925,4,0,3,1
C1935,Individual,Ashley,Young,,F,USA,Arizona,Home,5,No,Website,56.1013698630137,3,401963.4566666667,1205890.37,1357.1933333333334,3,0,2,1
C1936,Individual,Jeffrey,Brown,,M,Russia,Krasnodar Krai,Home,1,Yes,Agency,56.1013698630137,3,321966.3666666667,965899.1000000001,992.2199999999999,3,0,3,0
C1937,Individual,Ashley,Richardson,,F,USA,Arizona,Home,3,Yes,Website,56.1013698630137,4,426959.515,1707838.06,1419.32,4,0,3,1
C1938,Individual,Peter,Anderson,,M,Canada,Quebec,Home,4,Yes,Website,56.1013698630137,3,384890.39999999997,1154671.2,1205.9633333333334,3,0,2,1
C1939,Individual,Gloria,White,1979-09-06,F,USA,Florida,Investment,1,Yes,Agency,46.93150684931507,3,224768.31666666665,674304.95,839.1433333333334,3,0,3,0
C1940,Individual,Barbara,Turner,1997-01-02,F,Canada,Manitoba,Home,4,No,Agency,29.594520547945205,4,350975.28500000003,1403901.1400000001,1216.595,4,0,4,0
C1941,Individual,Maria,James,,F,USA,Nevada,Home,5,No,Client,56.1013698630137,4,342153.8125,1368615.25,1140.38,4,0,4,0
C1942,Company,Stratos,Co,1984-10-11,F,USA,Nevada,Home,2,Yes,Agency,41.83013698630137,3,377994.84,1133984.52,1313.16,3,0,3,0
C1943,Individual,Eric,Long,1973-04-01,M,USA,Arizona,Home,1,No,Website,53.367123287671234,3,322507.07666666666,967521.23,1042.71,3,0,3,0
C1944,Individual,Henry,Pierce,,M,USA,California,Investment,1,No,Website,56.1013698630137,4,492770.98250000004,1971083.9300000002,1602.67,4,0,4,0
C1945,Individual,Sean,Johnson,,M,Mexico,Mexico City,Investment,3,No,Website,56.1013698630137,4,278135.47,1112541.88,939.4875,4,0,4,0
C1946,Individual,Mark,Bell,,M,USA,California,Home,1,No,Agency,56.1013698630137,3,352075.79000000004,1056227.37,1111.25,3,0,2,1
C1947,Individual,Walter,Mitchell,1979-02-02,M,USA,Nevada,Home,3,No,Website,47.52328767123288,3,415968.52,1247905.56,1328.47,3,0,3,0
C1948,Individual,Melissa,Harris,1955-01-04,F,USA,Arizona,Home,2,No,Agency,71.61917808219178,3,510077.6666666667,1530233.0,1527.8633333333335,3,0,3,0
C1949,Individual,Christina,James,,F,USA,Colorado,Home,2,Yes,Agency,56.1013698630137,3,340090.24,1020270.72,1274.52,3,0,3,0
C1950,Individual,Edward,Weaver,,M,USA,Ohio,Home,4,No,Agency,56.1013698630137,4,258326.6075,1033306.43,933.355,4,0,4,0
C1951,Individual,Alexander,Murray,1996-08-09,M,USA,Utah,Home,1,Yes,Website,29.994520547945207,4,282216.0425,1128864.17,972.335,4,0,3,1
C1952,Company,Optima,Co,1992-06-05,M,USA,Nevada,Home,3,No,Agency,34.175342465753424,3,411754.2166666666,1235262.65,1451.5366666666669,3,0,2,1
C1953,Individual,Donald,Miller,,M,Germany,Bavaria,Home,1,Yes,Website,56.1013698630137,4,299766.1075,1199064.43,946.6525,4,0,2,2
C1954,Individual,Judy,Roberts,1966-03-09,F,Australia,Western Australia,Investment,3,No,Website,60.43561643835616,3,269910.3566666667,809731.0700000001,899.9899999999999,3,0,3,0
C1955,Individual,Benjamin,Wright,,M,Canada,Quebec,Home,1,No,Website,56.1013698630137,4,426787.515,1707150.06,1380.26,4,0,4,0
C1956,Individual,Julie,Weaver,,F,USA,Oregon,Home,2,No,Agency,56.1013698630137,4,306005.9475,1224023.79,920.7075,4,0,2,2
C1957,Individual,Adam,Howard,,M,USA,California,Home,4,Yes,Website,56.1013698630137,4,329709.565,1318838.26,1150.2,4,0,3,1
C1958,Individual,Susan,Foster,1970-09-10,F,USA,California,Home,3,No,Website,55.92602739726028,4,391753.0475,1567012.19,1287.0549999999998,4,0,4,0
C1959,Individual,Judy,Morales,,F,USA,Texas,Home,1,No,Website,56.1013698630137,3,208694.67333333334,626084.02,753.3133333333334,3,0,3,0
C1960,Individual,Dorothy,Brown,1987-02-08,F,USA,Colorado,Home,2,Yes,Website,39.5013698630137,3,398829.6533333333,1196488.96,1350.4933333333333,3,0,3,0
C1961,Individual,William,Campbell,,M,USA,California,Home,5,No,Agency,56.1013698630137,4,322316.345,1289265.38,1138.4975,4,0,4,0
C1962,Individual,Kimberly,Harris,1995-01-08,F,Mexico,Puebla,Home,5,No,Agency,31.58082191780822,3,323825.08,971475.24,1108.1033333333332,3,0,3,0
C1963,Company,Terova,Co,1968-01-03,M,USA,Texas,Home,5,No,Website,58.61369863013699,3,327975.04333333333,983925.13,1090.7733333333333,3,0,3,0
C1964,Individual,Kevin,Martin,,M,USA,Virginia,Home,5,No,Agency,56.1013698630137,3,383144.88999999996,1149434.67,1359.24,3,0,2,1
C1965,Individual,Sean,Wright,1997-09-01,M,USA,California,Home,4,No,Agency,28.931506849315067,3,496351.12999999995,1489053.39,1579.3133333333335,3,0,2,1
C1966,Individual,Ronald,Howard,1964-10-02,M,Canada,British Columbia,Home,1,No,Agency,61.868493150684934,4,302544.05,1210176.2,1111.6475,4,0,2,2
C1967,Individual,Roger,Bryant,1957-09-10,M,USA,Oregon,Investment,4,No,Agency,68.93424657534247,3,249047.79,747143.37,859.2633333333333,3,0,3,0
C1968,Individual,Judy,Griffin,1958-02-11,F,USA,California,Investment,3,Yes,Client,68.5123287671233,3,329239.66333333333,987718.99,1072.7266666666667,3,0,3,0
C1969,Individual,Jesse,James,,M,USA,Colorado,Investment,2,Yes,Agency,56.1013698630137,4,257735.10749999998,1030940.4299999999,854.58,4,0,3,1
C1970,Individual,Raymond,Howard,,M,USA,Arizona,Investment,4,Yes,Website,56.1013698630137,3,448770.9000000001,1346312.7000000002,1361.7433333333333,3,0,2,1
C1971,Individual,Emma,Jordan,,F,USA,Virginia,Home,5,No,Website,56.1013698630137,3,224474.1066666667,673422.3200000001,775.5666666666666,3,0,3,0
C1972,Individual,Carol,Wilson,1972-05-01,F,USA,California,Home,4,Yes,Website,54.28493150684932,3,314420.27999999997,943260.84,1077.3333333333333,3,0,2,1
C1973,Company,Oasis,Co,,M,USA,Washington,Home,4,Yes,Agency,56.1013698630137,4,362624.92,1450499.68,1214.7825,4,0,3,1
C1974,Individual,Keith,Peterson,1950-09-04,M,USA,Nevada,Home,5,Yes,Agency,75.95616438356164,4,242171.71250000002,968686.8500000001,809.6575,4,0,3,1
C1975,Individual,Dorothy,Campbell,1975-05-08,F,Belgium,Wallonia,Home,4,No,Agency,51.26575342465753,3,328343.73666666663,985031.21,1023.8800000000001,3,0,2,1
C1976,Individual,Albert,Wilson,1995-03-05,M,USA,Florida,Home,5,No,Client,31.427397260273974,4,286530.1625,1146120.65,1030.29,4,0,4,0
C1977,Individual,Jason,Bennett,1994-07-04,M,USA,Virginia,Home,1,No,Website,32.0958904109589,4,500357.60750000004,2001430.4300000002,1577.2325,4,0,3,1
C1978,Company,Summit,Co,1967-06-02,F,USA,California,Investment,5,Yes,Website,59.202739726027396,3,401966.88999999996,1205900.67,1290.0866666666668,3,0,2,1
C1979,Individual,Brian,Richardson,,M,USA,Colorado,Home,3,Yes,Agency,56.1013698630137,4,321892.1975,1287568.79,1014.73,4,0,3,1
C1980,Individual,Barbara,Green,1956-09-05,F,USA,Texas,Investment,4,No,Website,69.94794520547946,4,394891.2725,1579565.09,1228.8325,4,0,4,0
C1981,Individual,Sarah,Flores,1992-09-12,F,Canada,Quebec,Home,5,No,Agency,33.9041095890411,4,360040.17,1440160.68,1245.935,4,0,3,1
C1982,Individual,Jose,Long,1947-05-09,M,USA,California,Home,4,Yes,Website,79.28219178082192,3,515132.85333333333,1545398.56,1669.3466666666666,3,0,2,1
C1983,Individual,Ryan,Reed,,M,UK,Northern Ireland,Home,3,No,Website,56.1013698630137,4,329326.13,1317304.52,1070.475,4,0,3,1
C1984,Individual,Jesse,Watson,,M,USA,California,Home,4,No,Website,56.1013698630137,3,282095.73666666663,846287.21,994.52,3,0,3,0
C1985,Individual,Gregory,Bell,1963-11-05,M,UK,Scotland,Home,1,Yes,Agency,62.778082191780825,4,287344.96499999997,1149379.8599999999,1014.73,4,0,2,2
C1986,Individual,Thomas,Griffin,,M,USA,New York,Investment,1,No,Website,56.1013698630137,4,360699.7325,1442798.93,1153.5575,4,0,4,0
C1987,Individual,Douglas,Davis,,M,Belgium,Wallonia,Investment,5,No,Website,56.1013698630137,4,329020.74,1316082.96,1104.1725,4,0,3,1
C1988,Individual,Henry,Thompson,,M,USA,California,Home,5,Yes,Website,56.1013698630137,4,325254.7375,1301018.95,972.245,4,0,4,0
C1989,Individual,William,Montgomery,,M,USA,Texas,Home,3,No,Agency,56.1013698630137,4,345197.21499999997,1380788.8599999999,1135.325,4,0,3,1
C1990,Individual,Scott,Howard,,M,USA,Texas,Investment,5,No,Agency,56.1013698630137,3,417915.27,1253745.81,1303.4733333333334,3,0,3,0
C1991,Individual,Susan,Reed,1950-09-07,F,USA,California,Home,3,No,Website,75.94794520547946,4,283585.47,1134341.88,900.39,4,0,3,1
C1992,Individual,Rachel,Hansen,,F,USA,Texas,Home,3,Yes,Website,56.1013698630137,3,422019.58666666667,1266058.76,1445.08,3,0,1,2
C1993,Individual,Douglas,Thompson,1985-09-06,M,USA,New York,Home,2,No,Website,40.92602739726028,3,461789.7933333333,1385369.38,1454.4099999999999,3,0,2,1
C1994,Individual,Nicole,Miller,,F,USA,Oregon,Investment,3,Yes,Website,56.1013698630137,3,419291.73666666663,1257875.21,1454.4099999999999,3,0,3,0
C1995,Individual,Michelle,Scott,1993-05-03,F,USA,California,Investment,4,No,Agency,33.26575342465753,4,261010.91,1044043.64,905.7525,4,0,3,1
C1996,Individual,Samantha,Brooks,,F,USA,Nevada,Home,1,Yes,Website,56.1013698630137,4,287957.87,1151831.48,1027.325,4,0,4,0
C1997,Individual,Matthew,Cox,,M,USA,Arizona,Home,4,Yes,Website,56.1013698630137,4,275456.35,1101825.4,910.42,4,0,2,2
C1998,Individual,Mark,Patterson,,M,USA,Virginia,Home,5,Yes,Website,56.1013698630137,3,341229.52,1023688.56,1140.3999999999999,3,0,3,0
C1999,Individual,Lawrence,Montgomery,,M,USA,Ohio,Home,4,Yes,Client,56.1013698630137,3,279529.12666666665,838587.38,919.0466666666666,3,0,3,0
C2000,Individual,Amanda,James,,F,USA,Georgia,Home,1,Yes,Agency,56.1013698630137,3,304509.5,913528.5,1033.4833333333333,3,0,3,0
